は少し高い,はこんもりした,は盛り上がった は小高い,はやや高い,はほど高い,は微妙に高い
に丁寧に,に入念に,にきめ細やかに に丹念に,に念入りに
透き通った,清らかな,きれいな,清々しい,清純な 澄んできれいな,清廉な
嫌な,うっとうしい,気分の悪い,うざったい,もやもやした
あきらめて,譲って,諦めることに,譲歩して,妥協して,我慢して,完ぺきではないと思いながら
緩やかに,徐々に,ゆっくり,ゆったりと,少しずつ ゆっくりな
難しい ややこしい,面倒くさい,難解な,骨が折れる 煩わしい,難問な,こんがらがる
に表れて,に出て,に描写され,に見て取れて,に表現されて,に見え隠れして
の支えは,の癒やしは の拠り所は,の癒しは,の慰めは
をしめ,をつけ,を付け,をとめ,をはめ
揺れ動きながら,乱れながら,揺らしながら,かき乱されながら,混乱しながら,惑いながら
だってそれほど,だってぜんぜん,だってそんなに,だって思ったほど,だってたいして,だってさほどは だってさほど
は最近は,は長い間,は久しく
が問題だ が困りごとだ,が欠点だ が難しいところだ,が難点だ,が泣き所だ
の支払いを,の代金を,の出費を,の支払を の支出を
でにぎやかに,で大盛り上がり,で盛大に,で大規模に,で豪勢に,で豪壮に,威勢よく活気あふれる感じで
だいぶ,とても かなり,ぐんと,しっかりと,ずっと,いっそう,一段と
をじっくりと,を丁寧に,丁寧に,を丹念に,を入念に,きめ細やかに
の応援に,の励ましに,の後押しに,の激励に,の鼓舞に
から引き上げることに,から帰国しようかと,から退くことに,から撤収しようかと から撤退しようかと,から退散しようかと
諦めることにしたという あきらめたという,折れたという,妥協したという,譲歩したという,ある程度のところで我慢したという
大々的な,大がかりな,豪勢な,盛大な,豪華な,荘厳な,盛挙な
との接触を,との近づきを,との接点を,との交わりを との触れ合うことを,との触接を
守りに,守備に,ディフェンスに
確かに,もちろん,言うまでもなく,当然,無論
は能力とは,は知識や能力とは,は才能とは,は知力とは,は知能とは
のいろを,のいろどりを,のカラーを,の色彩を,の色合いを,の色や明るさやあざやかさを の色調を
のまとめ,の要約,の大まかな構成 の概要,の要旨,の摘要,の要点
ではっきり表すことにした,で現れた ではっきりと提示した,で表示した,で明示した,で明言した,で顕示した
がよいか,が正しいか,が好ましいか が良いか,がふさわしいか,が望ましいか
の考え方は,の説明は,の理解は,の解釈は,の見解は,の捉え方は,の受け止めは
も話し合って検討する,も論議する,も議論する,も討論する,もディスカッションする,も討議する
ドラマチックに,感動的に,派手に,劇的に,感激的に
素晴らしい うれしい,嬉しい 喜ばしい
の運転する,の舵を取る のコントロールする の操作する,の操縦する,の制御する
の運命に,の逃れられない運命に,の与えられた命に,の宿命に,の宿因に
をつけて,を一緒に,を付けて を添付して,を添えて,を添付し
なうたい文句が,なキャッチフレーズが,な売り言葉が な売り文句が な宣伝文句が
も軽く,も滑らか,もすらすらと,も流暢 も快調,も円滑,もスムーズ
か励ましに 元気に,か気晴らしに,か救いに か慰めに,か気休めに,か慰安に
をたくさん,を多々,を沢山,をずらりと,をいっぱい,を一堂に,をいっせいに,を勢ぞろいで を大量に,を盛大に
おなじみ,なじんだ,定着,人々に知れ渡った,定番,浸透
妊娠してからは,子供ができてからは,身ごもってからは,子供を宿してからは 子供を授かってからは,懐妊してからは
の話し合いを,の議会を の会議を,の協議を の論議を,の議事を,の議論を
見張りを,監視を,監督を 注意して見守ることを
は名乗り出て,は名前を言った,は自分の名前を は名乗って,は名告り は称して
は窮屈だ,は気が休まらない感じだ,は苦痛だ,は詰屈だ
をじゅーっと,をしっかりと,をこんがりと,をカリカリと,を焼き目が付く状態になるまで
あっという間 あっという間な,虚しい,しょぼい,あっけない,すぐ終わる,ショボい
はカラフルな は色の,は色とりどりの,は色彩の,は色相の
を順に,を順次,を一つずつ を順番に,を逐次
が良い,がふさわしい,がよいとされる,が望ましい,が好ましい,が願わしい,が懸命である
の河原でね,川のほとりでね,の川べりでね,川のそばでね,の河川敷でね
で我慢して である程度のところで納得して,で妥協して で手をうって,で譲歩して
の耳のそばまで,の目と耳の間のあたりまで の耳の上まで,のこめかみまで,の額の両脇まで,のオデコの脇まで
概ね,総じて,概して,おしなべて
もさらに,もぐっと,も大きく,もぐんと,も一段と,もいっそう,も大分,も一層
とも中止するんで 引き上げることにするんで,とも退くんで とも撤退するんで,とも撤収するんで
がたいへんに,がいやで面倒に,がめんどうに,が面倒に,がめんどくさく,がおっくうに,が嫌に
ひそかに,こっそりと そっと,ひっそりと,人知れずに,秘密裏に
につきもの,のさだめであると,の運命であると,の宿命であると,の定めであると
をはめて,を着けて,をつけて を装着し,を装着して
擦れを すれ合いを,すり減りを こすり合わせを,摩擦を
きっかけにしか,スイッチにしか,引き金にしか,呼び水にしか,トリガーにしか
が移籍,が籍を移す,が籍を移動
笑みを,笑いを,微笑みを,微笑を ほほえみを
記録や,文献や,文書や,書物や,文物や
の筆頭,の有力者 の代表
では真面目に,ではまじめに では地道に,ではコツコツと では堅実に,ではこつこつと,では地に足をつけて
や目じりの横に,やこめかみに,や目尻の周辺に,や目のわきの物をかむと動く場所に
もちろん,勿論 言うまでもなく,当たり前だが,無論 もっとも,論じる必要もないが,論を待たずして
バリエーションを,変化を,パターンを,種類を
からお答えをさ,から説明をさ から返答をさ から回答をさ,から答弁をさ
が出さ,が処方さ,が用意された が調合さ,が調剤さ,が出されて服用の指示さ
な出費が,な支払いが,な支出が,な失費が
しょせん,どうせ,結局は,結局 しょせんは,つまるところ
で無くなった,で消えた,姿を消した,で消失した,で消滅した
に物が,に物体が,に固体が,に物質が
から取った,から収集した から採った,から調査した,から採取した,から取得した
に受け取っ,に考え,に解釈をしていっ に理解をしていっ,に読み取りをしていっ
のターニングポイントに の変化のときに,の転換期に の分岐点に,の移り変わりの時期に,の改変期に,の変節に
気分のいい,快い,気持ちのいい,気持ちの良い,気持ち良い 気分のよい,気持ちよい,気持ちのよい,心地良い,清々しい
に勝るとも,に負けずとも
として表彰さ,として賞状を授与さ,として賞を付与さ,として顕彰さ
のスローガンを,の標語を のキャッチフレーズを,のうたい文句を の宣伝文,の謳い文句を,のキャッチコピーを
なだらかな,ゆっくりとした,緩やかな,穏やかな
感染の,伝染の,病原体の侵入の
のギャラなど の出演料など の報酬など,の給料など,のギャランティーなど
の崩壊を,の破壊を,の崩れを,の崩落を,の壊滅を,の破綻を,の破堤を
できちんとに,でまともに,でまっとうに で普通に で真面目に,で真っ当に
に持ち上げ,に乗せ,に担ぎ,に持ち,に担い
全体的に,全般的に,全て,総じて,概して
は弱い,は少ない,は感じられない,は十分でない,は乏しい
そんなに,あまり,それほど,そんなには さほど,たいして 気になるほど,言うほど
病んで,どこかしら壊れ,病巣を抱え
が死んだ,が逝去した,この世から消えた,が他界した が亡くなった,がこの世にいない が人生を終えた,が死亡した,が亡くなる,が天に召された が死去した
も全体的に,も総じて もおおむね,も全般的に,も概して
の見学を,の視察を の調査を,の監察を
細い,か弱い,か細い,線の細い 華奢な,痩せた,弱弱しい,体格の細い ガリガリの,貧弱な
しっかりと,しつこいほど,丁寧に 念入りに,入念に 頑丈に,用心に 厳重に
をなぞって,をたどって,を追って
少々 少し,いささか わずかばかり
の物質も の物も,の物体も,の固体も
を病んで,をむしばんで,が壊れて,が疲弊して を痛めて,を壊して を蝕んで,を破壊して
への応援も,への励ましも,への激励も
へのきちんとした,への厳重な への厳格な への厳しく目の届いた,への厳密な,への厳粛な
こめかみに 目じりの横に
守りで,守備で,守備範囲で,ディフェンスで,防衛で
どこの人間か,誰だか,身元は,正体は,素姓は 素性は,身分は,身許は
肌寒い,寒い,冷たさを感じる,少し寒い,冷え込む 薄ら寒い,心なしか寒い
悩んでから,間をおいてから,考えてから 迷ってから,口ごもってから,ためらってから,困惑してから,躊躇しから,考察してから
を操縦できる を操れる,を操作できる,を運転できる
の役員の,の上層部の の代表者の,の幹部の,の重役の
拭いて,拭って ふき取って ふいて
として信仰さ として拝めら,として信奉さ,として信心さ
の種類,のパターン,のバリエーション
は丁寧に,は念入りに,はしっかりと,は入念に,はじっくりと,は丹念に
とは合わない,とは一致しない,とは合致しない
足しに,慰めに,気休めに 救いに
国民に,人々に,皆に,人民に,民に 民衆に,大衆に
もろく,弱く,崩れやすく 壊れやすく,千切れやすく 脆弱で
にした本の,にした文献の,にした文書の にした書物の にした書籍の
の議題は,の論点は,の議論は,の議事は,の審議は
が何度も,が度々も が何回も,が頻繁に,がしばしばも,が幾度も
を担いでの を運んでの,を携えての
を持ち上げる,を持つ,を担ぐ を背負う,を担う
は無くなる,は減る,はなくなる,は尽きる,は絶える,はいなくなる,は途切れる は途絶える
総じて 全体的に,総合的に,全体として,全て,概して,おしなべて
の不調から の苦戦から,の低迷から の停滞から の低調から,の混迷から
のやり方が,の方法が の道が,の希望が,の手段が,のすべが
は私を,は自分自身を は自分を,は自身を は自らを,は己れを は自己を,は我を
おおまかな,あらすじの,内容の,大筋の,要点の,全容の,概要の,あらましの 要旨の 概略の
のまとめは,の要点は,の大筋は,の概要は,のあらましは の要旨は,の概略は
をたどって,を読み返して をなぞって,を読み進め
話し合いをする 話し合う,議論する,論議する,討論する,審議する,討議する
はまったく,はどうしても,どうやっても はどうにも,はどのようにも
の守りに,の守備に,のディフェンスに
は寒い,は少し寒い,は冷たさを感じる は肌寒い,は心なしか寒い,は薄ら寒い,は薄ら冷えた
まるで,どう見ても,いかにも,まさしく 明らかに,あからさまに,さも
なぞって,たどって,指し進めて
おかしな,変な,普通でない,異常な,尋常ではない 異様な
もなくなって,も無くなって,も途切れて,も途絶えて,も絶えて
配布する,分配する,配分する,配当する
を入れ,を流し入れ,をひき を流し込み,を広げ,を敷き
と注意を,と用心を,と警戒を,と用心深さを,と警戒心
急に通りにくく,急に厳しく 急に険しく,傾斜が急に
の成長に,の栽培に の生産に,の生育に,の育成に,の植生に
高級車の,リムジンの
少し寒いまでに,冷たさを感じるまでに,何となく寒いまでに,肌寒いまでに,上着を要するまでに 心なしか寒いまでに,薄ら寒いまでに
はこめかみを 目じりの横を,目尻の辺りを
面白い,ユニークで ユニークな 面白くて,ユーモラスで,個性的で,表現豊かな,滑稽で
持って,背負って,運んで,担いで,肩に乗せ
馬鹿な,愚かな,無能な,浅はかな,思慮に欠けた
と頑張った,と活躍,と立派な成績を残した,と将来有望な結果 と健闘,と奮闘
資金の融通はさ 貸付はさ 融資はさ
の車が,のリムジンが の高級車が
派手な,華やかな 鮮やかな,輝かしい,華々しい,華麗な,鮮烈な
何とか,どうにか,何とかして,やっとのことで ギリギリのところで,辛うじて,辛くも,苦慮しながら
な洋服と,な服装と,な衣服と,なスタイルと,な格好と,な衣装と なファッションと,な装いと なコスチュームと
分かれ道ですが,移り変わりの時期ですが,分岐点ですが,変動ある時期ですが,転機ですが,ターニングポイントですが,転換期ですが,岐路ですが
が荒れる が乱れる,が混乱する,が荒む,調和を失う,が動乱する
たら邪魔だ,たら邪魔になる,たらうっとうしい,たら不快だ,たらわずらわしい,たらうざったい,たら目障りである
の低下による,の停滞による の低迷による
よりもゆっくりである,よりもおだやかである,よりも穏やかである よりも緩やかである,よりもなだらかである
小さな,ちょっとした,わずかな,少しな,ささやかな,微々たる
姿勢で,体勢で
が運転できる,が飛ばせる,が操縦できる,が操作できる,がコントロールできる,が制御できる
利口な 賢い,賢明な,信頼に足る,聡明な
てにっこりした,てにこにこした,てニコニコした,て笑いかけた,て笑うした,て笑顔を向けた,てにんまりした て笑みを浮かべた,て微笑むした
気持よく 気持ちよく,あっさりと,気持ち良く,気分よく,快く,朗らかに
じっくりと,丁寧に,念入りに,熱心に,入念に,丹念に
に拡大さ,に拡張さ,に拡充さ
ともめる,と喧嘩する と喧嘩をする,と争う,とぶつかる,と主張しあう,口論になる
返して,借りた金を返すこと,返済はして,返納はして,弁済はして
に付けたしさ,に付け足しさ に付け加えさ,に補足さ,に補填さ
は体を,は姿勢を,は体勢を
少し寒い,空気が冷たく感じる,何となく寒い 肌寒い,薄ら寒い,うすら寒い,心なしか寒い
を持って,を付けて,を加えて,を添えて,を添付して
で消えて,で廃止して,で消滅して,で消失して
の頑張りに,の活躍に,の立派な戦いぶりに,の健闘に
種類が,バリエーションが,パターンが
腹立たしく,苛立たしく,苦々しく,憎々しげに 憎々しく
そのまま,全部 丸ごと,丸々,何も手を加えずに
を拡大した,を拡張した,を拡充した を補充した
丁寧な,細やかな,念入りな,丹念な 事細かな,入念な,綿密な,緻密な
ちゃんとした,まともな きちんとした,常識的な,まっとうな,正当な
身元は,身分は,身上は,素性は,実態は
の役員が,の幹部が,の重役が,の上層部が
な答えを,な回答を,な返答を,な答弁を
拡大した,拡張した,膨脹した,拡充した
のやりとりを,の連絡を,のやり取りを,の関わりを,の接近を,の接触を,のコンタクトを
少ない,不足している,十分でない,浅い,乏しい
になった,にかかった,に罹った,に感染 にうつった,に罹る
に欠かす,に欠く に外す,になくす,無しで済ませる
に丁寧な,に細やかな,に事細かな に入念な,に綿密な,に丹念な,に精細な,に緻密な
の開示を の閲覧を,の閲読を
にしまって,に隠して,におさめて,に秘めて に隠し持って,に留めて,に潜めて
で拭きながら,で拭いながら,で払いながら
大きな,目立った,ドラマチックな,劇的な,際立った,大々的な,目を見張るような
は頑張りを,は健闘を,は良い闘いを は立派な戦いぶりを
を見せかけて,を偽って,を見せ掛けて,を装って,を偽装して,を取り繕って を繕って
てそのまま,て全部,て丸ごと,て加工せずにそのまま て丸々
の知能が の知恵が,の頭脳が,の知力が,の知性が
には何かと,には色々と,には何かしら,には何分
小さな,わずかな,ささやかな,少しな,控えめな
知識を,知能を 頭脳を,知力を,知性を
壮大な,雄大な
の給料は の出演料は,のギャラは,の報酬は
の分かれ道,の分岐点,の移り変わりの時期,の岐路,の転換期,のターニングポイント
は小さな,はほんのわずかな,はささやかな,はたいしたことない,はつつましやかな
じめじめした,嫌な,うっとうしい,不快な うざったい,わずらわしい,厄介な
の判断をして,の決定をして,のジャッジをして,の判定をして,の審判をして,の裁定をして の判別をして
も丁寧な,も念入りな,も入念な,も丹念な
とにかく,何しろ,何と言っても,なにせ
にむなしく,に空々しく,に空虚に,に空疎に
にはまって,に夢中になっ,にのめりこんで に熱中し,に病みつきになって
をそのまま,を全部 をすべて をありのまま,を全て,を丸々,を丸ごと,をあるがままに,を何から何まで
大きな,目立つような 際立った 目立った,著しい,顕著な
を閉じてね,をつぶってね
を十分に を思い通りに,を充分に,を存分に,を目一杯に,をいかんなくに
すぐに,さっと,素早く,手早く,手際よく
で拭きながら,で拭いながら
の崩壊によって,の消滅によって,の破滅によって,の崩落によって,の壊滅によって
とら,採取さ,採集さ
今では,現在では,今や,今となっては,昨今は もはや
が丁寧に,が熱心に,が念入りに,が入念に,が丹念に
弱い,割れやすい,もろい,弱弱しい 崩れやすい
決まらない,もめるな,荒れるな 喧嘩になる,争うな,一悶着ある 喧嘩をする
の考え方に関し,の理解のしかたに関し,の見かたに関し,の見方に関し,の解釈に関し の読み取りに関し,の釈義に関し
馬鹿と 愚かと バカげていると,浅はかと,愚鈍と,愚劣と
ゆるくして,緩めて,弛ませて,緩やかにして
拡大し,拡張し,拡充し
守りと,守備と,ディフェンスと
に何度も,に何回も,に複数回も,に幾度も
にはたまに,には時々 にはしばしば,には何回も,には度々 には何度も,には時折,には頻繁に
こんがり こんがりと,かりっと,程よく,十分,香ばしく,焼き目が付いて
を基本に,を中心に,を基調に,をベースに,を基盤に
は難しそうな,は厳しい,は気難しい,は険しい
の焼けた様な良い のこんがりとした,の匂いが漂う,の香ばしい,の芳しい,のかぐわしい
激しい,荒っぽい 乱暴な,乱暴に,荒々しい
は衝撃的だった,は凄まじいものだった,は強烈だった は印象的だった,は鮮烈だった,は激烈だった,は痛烈だった
の頑張りを,の立派な戦いを,の良い闘いぶりを,の健闘を
は少し寒かった は少し寒い,は冷たさを感じ,は何となく寒かった は肌寒かった,は心なしか寒かった,は薄ら寒かった
の基本的動向は,の基盤は の基本は の基本的な動きや上下は,のベースは,の基調は
でも特に,でも主に でもひたすら,でも専門に,でも専ら
な答えで,な回答で,な返答で,な答弁で
はうるさく,は激しく,はけたたましく はやかましく,は騒々しく,は甲高く
まさに,実際に,現に 事実
擦れや,擦れあいや,摩擦や,接触や 擦れ合いや,すり減りや
つかん,つまんで,持って,掴んで,指ではさんで
と見張りが,とチェックが,と警備が,と監視が,と監督が,と監理が
普通でない,変な,異常な,異様な,尋常ではない 奇妙な 不気味な
河原,河原沿い,河川敷,川の端の水の流れがない部分
何度か,何回か,幾度か
たいへんでないし,面倒でないし,おっくうでないし
を見てから,の様子を見てから をうかがってから,をこっそり見てから,を読んでから,を観察してから
まるで,あたかも,さも
拡張します,拡大します,拡充します
を緩めて,を緩くし,を弛ませ を緩くして,を楽にし
まじめな 地道な,真面目な,こつこつとした,地味な,堅実な,コツコツな,着実な ストイックな
はあまり はそれほど,はそんなに,はさほど,はたいして
表彰さ,賞さ,賞を付与さ,賞状を授与さ
は素早く,は手早く は手際よく はさっと,は上手に早く
という素晴らしい,という華やかな,という輝かしい,という派手な,という華々しい
常勤する,いつもそこに居る 常にいる,常駐する,駐在する,常務する
の広がりを の定着を,の普及を,の一般化を,の浸透を,の定番化を,の周知を
が華々しく,が華やかに,が輝かしく,が派手に勢いよく,が華麗に
が異様に が普通でなく が変に,が異常に が尋常ではなく
をひき,を貰い,をこじらせ をうつされ,を罹りやすい を患い
は注目をして,はチェックをして,は見守りをして,は注視をして,は監視をして は監督をして
はすぐに,はあっという間で,はあっけなく,はあっさり,はあっさりと
に記載して に明記して,に表示して 書いてある,に掲載して
を名乗る,を称する,を語る を騙る
は濃厚な は濃い,はより濃い,は濃密な,は芳醇な,は重厚な
腹立たしくもあり,苛立たしくもあり,苦々しくもあり,憎々しくもあり
見方を,説明を 見かたを 考え方を,解釈を 読み取りを,理解の仕方を
見学には,参観には,観覧には,傍聴には
な出費をすべきでないと な支出をすべきでないと
が上回る,が勝る,が上に行く,が勝つ が優先される
キャッチフレーズの,キャッチコピーの,標語の,宣伝文句の,惹句の キャチコピーの
を飾って,を合わせて,をあしらって,を配置し
なだらかな,緩やかな,穏やかな,角度が鋭くない
むなしく,ぼんやり 無為に,空虚に 空疎に 空々しく
は丁寧にして,は入念にして は念入りにして,は熱心にして,は丹念にして
からの揺るぎないとした からのきっぱりとした,からの毅然とした からの断固とした からの決然とした,からの確固とした,からの断然とした
仕事を,任務を 職務を 業務を 役務を,職質を
息苦しい 息の詰まるような 肩身の狭い,堅苦しい,窮屈な,気が休まらないような,気詰まりな,堅苦しげな 肩身の狭いような
な馬鹿げた,な馬鹿な,な愚かな,なあさはかな な浅はかな,な未熟な
には何かと,には色々と にはいろいろと,には色々な意味で,にはなにはともあれ
哀願する ひたすらお願いをする お願いする,懇願する,嘆願する,ただただ願う,懇望する,熱願する
は良い,は喜ばしい は望ましい,は好ましい,は褒められるべき は良い結果をもたらす,は理想的な,は願わしい
こっそりと,忍びやかに,ひそかに,ひっそりと,隠れて そっとに,内緒で,誰にも言わず,秘密裏に,内密に
と口角を上げた,とほほえむ と笑った と微笑んだ,と笑顔 と頬を緩めた,と笑顔で と微笑む とにっこり,とスマイル
の総称を,の総合的な名称を,の総じた名前を,のひとまとまりの名称を のまとめた名を の全般的なものを
からしていかにも からしてやはり,からしてさも,からして見るからに,からしてあたかも,からしてまさしく,からしてまことに
暑さが厳しくなると 猛烈な暑さと,強烈な暑さと 猛暑と 厳しい暑さと,物凄い暑さと,暑くてたまらないと うだるような暑さと,酷暑と
して見回りに,して警備に,して警戒に,して用心に して警護に して注意に,して厳戒に
の稼ぎじゃ,の給料じゃ,の報酬じゃ の賃金じゃ,のギャラじゃ,の給与じゃ,の出演料じゃ,のファイトマネーじゃ
を名乗る,をかたる,を称する
実際に,現実に,現に
が気持ちいい が気持ちよい,が気持ち良い,ちょうど良い,が心地よい,がたまらない,が快適な
丁寧に,気を配り 礼儀正しく,丁重に,大事に,手厚く
いかにも,さも,実に,見るからに,誰が見ても,まことに
身元を,その人のことを,素性を 身分を
と定住の,と住み着きの,と定着の,と根付きの
の要点をまとめたものであります のおおすじであります,の概要であります,の要点であります のあらましであります,の概略であります,のあらすじであります,の要旨であります,の大要であります
ので楽しみです,ので待ち遠しいです,ので早く見たいです,ので待ち焦がれます ので早く来てほしいです,ので待ちきれないです ので待ち望みます,ので待ちわびます
出費の,支出の,費用の,出金の,歳出の
を病む,を痛める,を患う,を病に蝕まれる,を害している
いかにも,実に すっかり 見るからに,誰が見ても さも
がおかしいほどに,が異常に が異様に が不気味に,が普通と違って,がおかしげに,が気になるほどに
あっけなく,あっさりと,あっという間に,あっという間,虚しく,簡単に
見学を,裁判の見学を 聞くことを,観覧を,傍聴を,聴講を
どうか,よろしければ ぜひとも,どうぞ,何とぞ なんとか,できれば,何とか
かすかな,ふるえるような,か弱い,弱々しい,か細い,弱弱しい,貧弱な 聞こえるかわからないくらいの
が居心地が悪そう,が気まずそう,がバツの悪そう,がばつの悪そう が困ったような,が居づらそう が居心地の悪そう,が肩身の狭いよう,が居辛そう
がする が漂う,があふれる が感じられる,が満ちる,が伺える が窺える
にちりばめている,に配置されている に使用している,についている,に装飾されている にあしらってある,に飾ってある,に配置されてある
は見るからに,はいかにも,は誰が見ても はまったく,はさも
の役割は,の仕事は,の仕事内容は の業務は,の任務は,の職務は
に消えつつ,に無くなりつつ,に消失しつつ,に消滅しつつ,に絶滅しつつ,に喪失しつつ,に滅亡しつつ,に消散しつつ
面白おかしく,笑えるようすを,おもしろおかしく,面白く,おもしろく 楽しく,コメディタッチで ユーモラスに,面白みがあるように 面白おかしげに 滑稽に
のことは,の正体は,の経歴は,の生い立ちは の素性は,の身元は,の身分は,の出生は,の出どころは
をたくさん,を思い切り,を十分に を充分に,を存分に,を大胆に を目一杯に
おもしろそうに,楽しそうに,おもしろおかしく,ユーモラスに,面白味があるように,笑えるようすに,コメディ風に 可笑しげに,滑稽に
はおかしな,は信じられない,は普通でない,は普通ではない は異常な は不気味な,は異様な,は様子が異常な
判定が,ジャッジが,審判が,判断が
返したのは,返金は,返済は,返却は,弁済は
も気持ちいい,も気持ちがいい,も気持ち良い,も快適だ も心地よい,も快適,も快い
て分けたら て配ったら,て割り当てしたら,て配分したら て割当したら,て配慮したら,て配当したら
で消えようと,で消失しようとして,で消滅しようとして,で絶滅しようとして,で喪失しようとして
の定めな,の変えられないものな,の運命な,の宿命な
にもチャレンジする,にも挑戦する,にも挑む にも試みる,にも立ち向かう
しに勝る,しに上回る
すさまじい 信じられないような,ドラマチックな,目を見張る 劇的な 驚異的な
の運転する,の操縦する,の操作する
のでそのまま,ので丸ごと,ので丸々
正しいです,賢いです,利口です,適切です,賢明です,聡明です
わかりにくい ややこしい,面倒くさい やっかいな,こんがらがるような,込み入った,煩雑な
にむなしく に悲しく,に空虚に,に空虚な気持ちに
に合った,に一致した,に合致した
をはじめに を始めに,を最初に,を一番に,を一番手に,を第一番に を先頭に,を筆頭に
もよく,も何度も,もたびたび,も繰り返し,も度々 もしばしば,も時折
はまもりで,は守りで,は守備で,は防御で,はディフェンスで
はこっそりと,は秘密裏に,はひそかに,は陰で は内緒で は裏では,はひっそりと は隠れて,は秘密に,は内心に
みんなが,人々が,市民が,大衆が 民が 国民が,民衆が 人民が
を綺麗にして,を清らかにして,を穢れの無いようにして,を清浄して
して質の高い,して高品質な して上等な して良質な して上質な,してハイクオリティな
の視聴が,の閲覧が,の閲読が
を演じる を見せかける,を装う,を繕う
を強い,を激しい,を力強い,を猛烈な,を強烈な,を痛烈な,を強靭な,を激甚な
よろしく,どうか,どうぞ,ぜひとも,何とか,何とぞ
引き受ける,承知する,了承する,承認する,承諾する,受諾する,承服する
を受け入れる,を承知する を了解する,を了承する,を承認する を承諾する
が普通ではないくらい が異常に,が異様に,が奇妙に
をなんて馬鹿な,をなんて浅はかな,をなんて愚かな,をなんて疎かな をなんて無知な
拡大する,拡張する,膨張する
の身元が,の素性が,の身上が
とも協力して,とも連携して,とも連帯して,とも提携して
をつけて,をはめて,を着けて,を付けて,を着用し
なんてずっと,なんてしばらく,なんて長く,なんて長い間,なんて長らく,なんて久しく なんて暫く
と辛い と苦しい,と切ない,とやるせない,と物悲しい と胸の詰まる
ずっと,ぐっと,強く ぐんと,深く
で妥協したくない,で譲歩したくない
の自分が,の私自身が,の自身が,の己が
が大きく,がうるさく,が激しく がやかましく,が騒々しく,がけたたましく,が甲高く
な色による,な色合いによる なカラーによる,な彩りによる,な色彩による,な色調による
な判定が,な判断が,なジャッジが,な審判が,な裁定が
平らな,なだらかな,平坦な,高低差のない
少し寒い,冷たく感じる,肌寒い,うすら寒い,薄ら寒い
をなくして,を無くして,を取り除いて,を除いて,を除外して,を除去して,を排除して,を排斥して
大きく,がらっと,がらりと,一気に,劇的に,抜本的に
の心には,の胸の内には,の心中には の内心には,の胸中には,の脳裏には
に病気になって,に病気になり,に病んで
をおいて,を当て,を添え
はもう,はとっくに,は今では,は既に は今や,はいまや,はよもや はもはや
に対してきっぱり に対してきっぱりと,に対して断じて,に対して断固,に対して毅然と
の種類が,のパターンが,のバリエーションが,の種別が
顔を見る,顔をこっそりと見る,顔を覗き込む,顔を観察する 顔をうかがう,様子を探る
にも問題は,にも欠点は,にも弱点は にも短所は,にも問題点は,にも難点は
細かい,丁寧な,細やかな,入念な,緻密な 綿密な,精緻な
守りを,守備を,防御を ディフェンスを
の定めを,の運命を,の宿命を,の天命を
のあらましについて の大筋について,の概要について,の概略について,の展望について,の大要について の要旨について
を基本とする,をもととする,を基礎とする,を基調とする,を基盤とする
の色を,の色合いを,の色合わせを,の色彩を,のト―ンを のカラーリングを,の色調を
を明らかする,を表記する,を明記する,を明示する を提示する,を開示する を明確化する
無視する,敬遠する,除外する,排除する,排斥する
を採りし,を採集し,を収集し を採取し
恥ずかしかった,情けなかった,許せない,みっともなかた,みじめだった 悲しい,嘆かわしかった
に控えめです,に謙虚です
の目覚め,の寝起き,の起床,の覚醒
を了承して,を承諾して,を了解して,を承認して,を承知して
は水分を持っっていて は濡れていて,はしめっていて は水気を含んでいて,はしっとりしていて,は湿度があり は湿気を帯びていて
をたどる をなぞる,を探し求める の跡を追う,を遡る
小高い,こんもりとした,少し高い,やや隆起した
な色の,な色合いの,な色彩の な色調の
て長い,て長い時間が経つ,て久しい てずいぶんと経った
に清らかな,に清いな に綺麗な,にきれいな心の,に清純な,に清廉な,に清浄な
ためらってから,考えてから,躊躇してから,当惑してから
亡くなった,天国へと召された,死去した,逝去した,他界した
身元の,所在の,素性の 素姓の,身上の
つまんで,つかんで,はさんで,指で持って 掴んで,はさみこんで
まで熱心に まで細かく,まで丁寧に まで入念に まで念入りに,まで丹念に
すべも,手段も
がしめって,が水分を持って が水を含んで,が湿気って が濡れて,が湿気を帯びて
かを諦めたりしなくては,かを我慢しなくては,かを妥協しなくては,かをある程度のところで納得しなくては,かを譲歩しなくては
も悲しげだ,も切ないし,も心に沁みる,も哀愁漂う,も物悲しいし
のバリエーション,のパターン,の種類,の種別
穏やかだという,寛大だという,緩やかだという
手早く さっと,ささっと 素早く すぐに
たモノが,たものが,た物が,た物体が,た物質が
緩め,弱め,弛緩し
に一致しない,に合致しない,に符合しない
の審議を,の議事を,の会議討論を
が荒っぽく,が雑に,が乱暴に,が荒々しく,が乱雑に
今では,今日では,現在では 今や,今となっては もはや
につかまって,にはまって,に巻き込まれ,に入って,にとらわれて
残念ながら,あいにくの,折悪しく 都合悪く
まで素晴らしい,まですばらしい,まで輝かしい,まで誇れるほど素晴らしい,まで華々しい,まできらびやかな
なめらかな,滑らかな,スベスベな すべすべな,スムーズな
と頑張りを,と立派な戦いぶりを,と健闘を と良い闘いを,と活躍ぶりを
何しろ,なんせ,とにかく なんといっても,何と言っても,いかんせん
に大きな,に劇的な,に目立った,にドラマチックな,に画期的な,に際立った
断固として,きっぱりとして,頑として,毅然として,確固として 断じて,断然として
貸付という,融資という,資金の融通という 援助という
答えは,回答は 返答は,受け答えは,答弁は,応答は
じゃ頼りない じゃ情けない,じゃ恥ずかしい,じゃ嘆かわしい,じゃ惨めだ,じゃ憐れだ
厳しく,厳格に 厳重に,厳密に,厳正に,静粛に
の定着と,の一般化と,の認知と の浸透と,の根付きと
はわずかであっても,はささやかであっても,はほんのわずかであっても,は微々たるものであっても,は控えめであっても,はつつましやかであっても
に広大な,に雄大な,に壮大な
を了承した,を承認した を承知した,を承諾した,を許諾した
うれしい,嬉しい 喜ばしい
とそれほど とたいして,とさほど とそんなに
がぐんと,が一気に,が大幅に,が目立って が劇的に,が際立って,が飛び抜けて
に疾走する,にダッシュする,に疾駆する
目覚め,覚醒し,開眼し,覚醒
について大まかな内容を,についてあらましを,について概要を,について大筋を,について事のあらましを について概略を,について要旨を
平らな,平坦な,なだらかな
でとても大きな で大変な,で絶大な,で絶対的な,で際立って大きな
を平らにし,をなだらかにし,を平坦にし,をスムーズにし
主に,専門に 専ら
の崩壊に,の崩れに,の破綻に,の決壊に,の瓦解に
て手早く,てささっと てさっと,て素早く
なんといっても,何といっても,とにかく 何と言っても,何しろ,なんせ
をたどる,を追う,を進む をなぞる,を追跡する,を巡る
との関わりは との付き合いは,とのやりとりは,とのやり取りは との接点は,との接触は,との接点を持つことは
はつらい,は辛い,は苦しい,は大変な,は過酷な は疲れる はしんどい
をためらって,を躊躇して
に亡くなった,に死去した に他界した,に逝去した
に笑みが,に笑いが,にほほえみが に微笑が に微笑みが
を信仰して,を崇拝して,を信心して,を信奉して
現に 事実,実際に,まさに
堅実に,コツコツと,地道に 着実に,まじめに 真面目に
は気持ちよい,は心地よい,は快い,は健やかな
にとって嬉しい,にとって喜ばしい,にとって望ましい にとって好ましい
運び 担ぎ,持ち,背負い
かを示します,かを明らかにします,かを明示します,かを明記します かをはっきり提示 かを明確化します かを説明します
がびっしり,が無数に,が隙間なく,が大量に がたくさん
胸の痛む,切ない,心憂い 辛い,物悲しい,心苦しい
さながら まるで,あたかも,いわば
概要,大まかな内容,概略,大筋,あらまし 要旨,大要
に感染の,に伝染の
の川原の の河原の,の河川敷の,の川のほとりの,の河原沿いの
を示す を表す,を表現する
平らな 平坦な,フラットな
さながら まるで,あたかも
手法を,やり方を,アプローチを,接近方法を
がまともな,が普通な,が正常な がまっとうな
が嫌に,が面倒に,が面倒くさく,がおっくうに,面倒で嫌に
では今や,ではもう では今では では今となっては,ではもはや,では現在では
が連携し,が協力し,が連帯し
は主に,は専ら,はほとんどが,はひたすら はただただ
てさっと,て手早く,て素早く
を見張る,を監視,をしっかりと見守る,を監理,を注視
補足さ,付け加えさ,付け足しさ,言い足さ,補い付けたしさ
の定着,の普及,の周知 の浸透,の根付き
現に,実際に,まさに今
息苦しそうな きつい 窮屈な,余裕のないような,狭苦しい,狭小な
健闘を,立派な戦いぶりを 活躍ぶりを,活躍を,良い闘いを
が表彰さ,が賞さ,が賞賛さ
に勝る,に秀でる,に優れる,に勝っている,に優れている,に上回る
をたどって,を調べて,を追って,を追ってて,をたぐって,をなぞって
での地道な,での着実な,でのまじめな での堅実な での真面目な
今現在,今や,今では,今となっては,現在では もはや
けたたましく,激しく,うるさく,やかましく 甲高く,騒々しく,驚くような高い音で
担いで,肩に乗せて 背負って
を怠る,を欠かす,せずにいる,を外す
の逃れられない運命を の運命を,の宿命を,の定めを
と健闘,と活躍,と立派な成績を残した
のキャッチフレーズは のスローガンは,のキャッチコピーは,の宣伝文句は,の標語は
閲覧を,閲読を
居心地が悪く,居心地悪く 気まずく,気詰まりに,よそよそしく 不仲に
がつらい,が辛い,が疲れる がきつい がしんどい,が苦しい,が心苦しい,が難しい,が困難な
だけ滑らかに,だけスムーズに,だけ平滑に
が嫌に,が面倒に が面倒くさく,がおっくうに
で拭いてから,で拭ってから,で消してから
かで事細かに,かで徹底的に,かで入念に,かで綿密に,かで微細に
問題は,問題点は,難点は,困りものは,短所は,困難なところは
我を,自分を 自らを,自身を,自己を,己れを
しょせん,結局,結局は,どうせ
の香ばしい,の香りのいい の香り高い,の芳しい,の焼けた様な良いにおいの
言うまでもなく,当然,無論,勿論
ほどキツネ色になるまで ほど焼き色が付くまで,ほどきつね色に,ほど焼き目が付くまで,ほどこんがり,ほど程よく
は言うまでもないことだ,は勿論だ,は当然だ,はもちろんだ,は無論だ
専ら,ほとんど,主に ひたすら
て焼き目が付くまで,て焼き色が付くように,てきつね色に,て火が通るまで てこんがりと,て程よくと
における摩擦の,における抵抗の,における障害の,における軋轢の
のこめかみに,の目じりの横に,の目尻の周辺に,の目と耳の間のあたりに
きれいな 清らかな 綺麗な,清廉な,清浄な,清々しいな,清いな,澄んで美しそうな
な色彩と,な色と,な色調と な色合いと,な彩りと
自分を,自身を 自らを,己れを,自己を,我を
でも見栄えがする でも映える,でも見栄えのする,でも目を惹く,でも引き立つ
で処方して,で出して,で調剤して,で薬を出して
などがずらりと,などがずらっと,などが一堂に などが数多く などがたくさん,などが勢ぞろいで
専ら,主に ほとんど,ひたすら
に少し高い,に少し盛り上がった,に小高い にこんもりとした,にやや隆起した
へ色々と,へ何かと へたびたび,へ度々,へしばしば,へ理由をつけて,へ頻繁に,へ事あるごとに
が良いと,が求められると が好ましいと,がふさわしいと,が理想的と,が望ましいと
を名乗る,を自称する,を称する
は笑いを,は微笑みを,は笑みを,は微笑を,は微妙な笑みを
悲しいまでの,苦しいまでの,切ないまでの,切実なまでの,痛ましいまでの,痛切なまでの,哀切なまでの
とも敷地内と,とも境内と,とも寺社の中と,とも寺内と,とも神域と
の閲覧,の閲読
表彰さ,賞を授与さ,賞さ,顕彰さ
で見張りを,で見守りを,で監視を,で警戒を,で哨戒を
に爽やかな,に清らかな,に清々しい,に澄み切って美しい,に清い,に清々とした風な
カネで お金で,ギャラで,給料で 出演料で,報酬で
にして,に病んで,にもんで に揉んで
聞きに,見届けに,参観に,傍聴に,聴講に
もめて 争って,言い合って,ごたごたして,ごたついて
大事な,大切な,一番大事な,重要な,最も重要な,肝心な,肝要な
の悪い状態が,の伸び悩みが,の低迷が,の苦戦が,の低調が,の下降が
を飾れば,を合わせれば を飾りつければ,を配れば,をあしらえば
の呼び方,の全体の名前,の全体の呼び方,のまとめて言い表した名前,の名称,の総称
あいにくの 残念ながら,折悪しく
ほどに気持ちよくはないけれど,ほどに気持よくないけれど,ほどに気分よくないけれど,ほどに嬉しくはないけれど,ほどに快くはないけれど,ほどに快調でないけれど
を広げる,を拡大する,を拡張する,を増幅する,を拡充する,を伸張する
に緩やかな,に穏やかな になだらかな
を承知さ を了承さ,を承認さ,を承諾さ,を承服さ
は明るい,は嬉しい,は喜ばしい は好ましい,は心浮き立つ
だんだん,順に,順番に,順々に,順次
にびっしり,にたくさん,に大量に,に隙間なく,に数多く
をつけ,を着け をしめ,を結び,をしばり,を着用し
を狙う,をうかがう,を探る
に飾って,に飾りつけて,にあしらって,に配置し,に配して,に取り合わせて
大事な,大切な,重要な,肝心な,肝要な
てにっこりと てにこっと,てにこにこと,てにこやかに,てにんまりと
きっかけを,スイッチを,引き金を,トリガーを
あやしそう,怪しそう 疑わしそう,不審そう 疑惑を抱いていそう,怪訝そう,いぶかしげ
の小さな,の狭い,の狭苦しそうな,の窮屈な,の狭小な
よく,何度も,時々,常に,度々 たびたび,頻繁に,しばしば,しきりに
さっと,すぐに,急いで,素早く,手早く,手際よく,迅速に
悲しい,苦しい,切ない,やるせない,心苦しい 切実な,哀切な
素早く,急いで 早く,迅速に 手早く,速やかに,とっさに
信じし,信仰し,信心し,崇拝し,信奉し
戸惑って,困惑して,当惑して
見張りの,見守りの,警備の,警戒の
などにも大きな,などにもきわめて大きな,などにもこの上なく大きな,などにも多大な,などにも絶大な,などにも絶対的な,などにも強大な
ずらっと,沢山 ずらりと,連なるように,整然と
大きな,立派な,大規模な,豪華な,盛大な
を言い,を名乗り,を口に出し 口にし,を伝え を告げ,を称し を称して
だけ付け加えさ,だけ付け足しさ,だけ補わさ,だけ補足さ,だけ補完さ
明らかに,明確に 明白に,際立つように,顕わに,顕著に,明瞭に
をつけて を着けて,をしめて,を着用し,を装着て
考えてから,迷ってから,ためらってから,躊躇してから,言い淀んでから
もめて,争って,トラブルになって トラブって,ごたついて,錯綜して
だけ話し合いして だけ話し合いを,だけ言い争いして,だけ議論して,だけ討論して,だけ論争して,だけ論議して,だけ討議して,だけ審議して
て信じして,て信仰して,て信心して,て崇拝して,て信奉して
のボールをピンに近づける方法が,のアプローチが,のアプローチショットが
を持ち上げて,を担いで,を運んで,を背負って,を担ぎ上げて,を運びで
は疑問がある は怪しい,は疑わしい,は不審である
は驚くほどの,はすさまじいほどの,はものすごいほどの,は猛烈なほどの,は甚だしいほどの
につけて に着けて に付けて,にはめて,に装着して
ただけのひそかな,ただけのひそやかな,ただけの内密な
激しい,強力な,強烈な,過激な,痛烈な 猛烈な,苛烈な
がいつもいる,が常駐する,が常勤する,が駐在する,が駐留する
どうか,ぜひとも,何とぞ
の気持ち良い の気持ちの良い,の心地よい,の快い
不便な,窮屈な,息苦しい,肩身の狭いような
にて引き金の,にてレバーの,にて発射装置の金具の
の総称,のひとまとまりの名称 の総合的な名称,の総じての名前,の汎称
香りが良く,香り良く,香り高く,かぐわしく,芳しく 香ばしく
を拭くと,を拭うと
と雄大な,と壮大な
を着けて,をつけて,を着用して をはめて,を付けて,を装着して
もよくある,もたびたび,も度々 も結構ある,もしばしば,も頻繁
やせた,か細い 華奢な
が立ち向かう,が挑む,が挑戦する
をしめ,を閉じ,を引き
から質の高い,から質の良い,から上質の,から良質の
素晴らしい,すばらしい,輝かしい,華々しい
が好ましいとの,がより良いとの,が理想的との,が望ましいとの
に病気を,に感染を,に伝染を
て強い,て強烈な,て鮮烈な
の知識は,の知能は,の知力は,の知性は
素早い,早い,早急な 迅速な
見張りの,監視の,監察の,警戒の
がぐっと,がぐんと が大きく,が際立って
が欠点,が短所,が問題点,が難点,がウィークポイント
を調べると,をたどると,を遡ると,をさかのぼると,を追跡すると
さえ面倒に さえおっくうに,さえ面倒くさいことに
に戸惑って,に困惑して,に当惑して
は気持ちの良い,は気持ちいい,は気持ちよい は心地よい,は快い
のギャラを,の出演料を の報酬を
順に,順番に,順々に,順次
何かと,色々と
肝心の,最も重要な,要の
に不足した,に乏しい
丁寧に,丹念に 念入りに,入念に
おかしい,異様な,普通でない,異常な,尋常ではない
の清らかな,の清々しい,の清浄な,の清廉な
て小高い 少し高い,少し高さのある,こんもりとした,やや隆起した
の姿勢に,の体勢に
の世話に,の栽培に,の育成に,の生育に
を丁寧に,を丁重に
も充実さ,も拡張さ,も拡充さ
に亡くなった,に他界した,に死去した,に逝去した
の目覚め,の寝起き
に引用した,に引き合いに出した
と質の良い,質の高い,と上質の,と高品質の,と良質の
議論さ,論議さ 討論さ
の出費,の負担,の支出
似合うと,映えると
まったく,なんとも,どうにも,どうしようもなく
どうか,何とぞ,どうぞ ぜひとも
をする物の,をするものの をする物体の をする物質の,をするモノの
は欠く,は欠かす,は外す,は無くす,は無しで済ます
としめって としめっぽくて,と湿気て
があいにく が残念ながら
あいにく,残念ながら,運悪く,折悪しく
控えめに,謙虚に,慎ましやかに,つつましやかに
をこんがりと,をしっかりと
が雑,が乱暴 が乱暴だ,が荒っぽい,が荒々しい,が不躾な
真面目で,厳しくで,生真面目で,厳格で,厳かで
がまともに,がまっすぐに,が正しく,が上手に,がきちんとに
がしっかりして,が成長して,が大人らしくして,が成熟して,が円熟して
仕事を,業務を,職務を
の崩壊を,の崩れを,の破壊を の壊滅を,の破綻を,の陥落を,の瓦解を
不気味な おかしな,へんてこな,異常な 異様な
の役目を,の役割を,の仕事を,の務めを,の職務を の任務を,の業務を
たいへんな,辛い しんどい,疲れる つらい
が切なく,が物悲しく,が苦しく が胸がしめつけられて,が胸を締め付けられるように
知能を,知性を 能力を 頭脳を,知恵を
が肝心な が大切な,が重要な
敷地から,境内から,寺社の中から,寺社内から,本殿内から
宿命の,運命の,定められた運命の,天命の
が他界した,が死亡した が亡くなっした,が死去した,が往生した
て疾走して,てダッシュして て疾駆して
はあいにくの,は残念ながら,は折悪しく
ニヤッと,にこやかに,にっこり,にこにこ にんまり
くらいの負担なら くらいの出費なら,くらいのお金なら,くらいのお金を出す額なら,くらいの費用なら
補足する,付け足しする,付加する,付け足しを
緩めて,緩くして,弛ませて,回して,甘くして
不快な,居心地が悪い 気まずい,心地の悪い,居づらい
つぶって,つむって,閉じて
にはまって,に挟まって ぴったりと付いて,に納まって
も添えて,も付けて,も一緒につけて,も用意して,も添付して も添加して
を追い出して を排除して,を除外して,を排斥して,を敬遠して,を削除して
と地道に とコツコツと,と真面目に
に飾る,にあしらう,に彩る,に配置する,に扱う,に繕う
て高級車を,てリムジンを
として華々しく,として華麗に として華やかに,として輝かしく
なかすかな,な消え入りそうな,な弱々しい,な小さな な小さい,なか細い
をうかがう,をきく お聞きする,を聞く,を聞かせていただく
を妊娠さ,に子どもを宿さ,をはらま
と雄大な,と壮大な,とどこまでも続くかのような
まともな,正常な 真っ当な 普通な
の薄い の乏しい,の十分でない,の弱い,のあまり期待できない のあまりない
の強い,の強烈な,の強力な,の鮮烈な
の代表 の筆頭 のトップ,の一番に名前がある,の巨匠
何かと,色々と,それなりに,いろんな意味で
一致して,合致して
方法を 手段を すべを,やり方を,道筋を
代表だろう,代表格だろう,筆頭だろう,一番手だろう
は浅はかでした,は馬鹿でした は愚かでした
の色合いが,の傾向が,の雰囲気が,の色彩が
を処方する,の薬を提案する,を調合して服用を指示する
のささやかな,の小さな,のひそやか,のつつましやか
の上層部の,の幹部の の役員の,の重役の
が賢いです,が賢明です,が利口です,が聡明です
を動かしながら,を運転しながら,を操作しながら,を操縦しながら,を制御しながら
の転換期に,の変換時期に の移り変わりの時期に,の分かれ目に,の岐路に
の理想的な,の正しい,の望ましい,の願わしい,の好ましい
アプローチが 手段が,研究法が,接触法が
辞退して,退去して,撤退して,撤収して
引用さ,使用さ,参照さ,そのままの形で使用さ
がポイントです,が大切です,が重要です,が肝心です
書物からは,文書からは,出版物からは,文献からは,書籍ソースからは
の愉快な,のユーモラスな のユニークな,の滑稽な
が常駐して,が常に駐在して
成長して 発達して,大人びて 成熟して
あっけなく,簡単に あっさりと あっという間に
知力や,頭脳や,頭の良さや,知能や,IQや
と快く,と気前よく,と気分よく,と気持ちよく と喜んで
愚かだ,まぬけだ,浅はかだ 阿呆だ 馬鹿だ,馬鹿みたいだ
毅然とした きっぱりとした,断固とした
は哀願した は懇願した,は切願した,は嘆願した
の衣装を,のコスチュームを,の服を,の衣服を
荒れて,痛んで,カサカサして,弱って
書物や,本や,文献や,読み物や 文書や,書籍ソースや
は何しろ はなんせ,は何といっても,はなにしろ
ないかで議論した,ないかで論議した,ないかで討議した ないかで話し合いした,ないかで話し合いをした
を引用する,を引き合いに出したりする,を引き合いにする
は近寄ることも,はアプローチも,は接近も
派手に,大々的に,華麗に 華々しく,鮮烈に
てからの支出と,てからの出費と,てからの支払と
だから妥協したくないし だから折れることはしたくないし,だから譲歩したくないし
でつかんで,で掴んで,で持って,でつかん でつまんで,で挟んで
華々しく,大々的に はなやかに,華麗に,颯爽と
救い,よりどころ,癒し 慰め
のやせた,のか細い の華奢な,のきゃしゃな の細い,のスリムな
を育てる,を栽培,を生育する
いささか ちょっと,少々,少し,いくばくか
実際に,現に,現実に,事実上
が途絶えて,が絶えて が無くなって,が滅びて
にも一致する,にも合致する
は手早く,はサッと はすばやく,は素早く,は迅速に
を取る,をつかむ,をはさむ,をつまむ,を挟む
こめかみの,目尻の近くの,目じりの横の,頭の横の
の名称,の総称
無論,勿論 もちろん,当然,言うまでもなく
は怪しいという,はあやしいという,は疑わしいという,は信じないという,は不確かだという は疑問だ
民衆の 国民の,大衆の 国の民の 世間の
広大な,壮大な,雄大な,巨大な
でもろくも,であっけなくも,で儚くも
とした目覚めを,とした起床を とした覚醒を
を引用して を引き合いにして
原因に,きっかけに,発端に,引き金に
な姿勢にして な体勢にして なポーズにして,な体の向きにして
拡大します,拡張します,拡充します
でずらりと,でずらっと,で勢ぞろいで,で勢ぞろいして,で整然と
楽では,穏やかでは,平坦では 平らでは
もなくなって,も消失して,も消滅して,も霧散して
切り立った,険し,急こう配な
の回答の,の受け答えの,の答弁の の返答の,の答えの
着飾って,装って
を何とか をなんとか,をぎりぎりで,をギリギリ をやっとのことで,を辛うじて
利口である 賢明である,無難である,間違いないのである
が手早く,が即座に が素早く,が迅速に,が俊敏に がさっと
は厳しい は難しい,は楽ではない,は険しい は大変
人々の,民衆の 国民の,人の 大衆の
今や,今では 現在,現在では
成熟した 熟成した,完熟した,円熟した,老熟した,熟達した
目尻の辺り こめかみ,額の横,目のわき 目じりの横の窪み
の濃厚な の濃い,の味の濃い,のこってりな,の密度が高い の重厚な
受け入れる,聞き入れる,承認する,認める,応じる 承諾する,了承する,了解する
に映える,に見栄えのする,に栄える に引き立つ,に目立つ に際立つ
の日焼けした,の日に焼けた,の色黒,のこんがり
と一致するから,と合致するから,と時期が合うから,と合うするから,と符合するから
笑みが,笑いが,微笑が,微笑みが,うすら笑いが
をためらっている,を躊躇している,を躊躇する,を尻込みしている
はそれほど,はたいして,はさほど,はそんなに,は大して,は言うまでは
として議論しても,として会議しても,として話し合いをしても,として検討しても,として討論しても,として論議しても,として話し合いしても
を合言葉に,をスローガンに,をキャッチフレーズに,を謳い文句に,を標語に,を宣伝文句に
悲しい,かなしい,むなしい,寂しい,空虚な
小高い,少し高い,一段高い,盛り上がった,こんもりとした,やや隆起した
が絶大な,が大いにな が強大な が極大な,が多くの,が絶対的な,がとても大きな,が多大な,がすごい が熱狂的な,が膨大な
無くす,排除する 取り除く,取り去る,無くすようにする,除去する 除外する,回避する
に出る,に挑む,に臨む,に挑戦する に立ち向かう,にチャレンジする
の姿勢も,の体勢も,のポーズも,の体位も
はドラマチックな,はびっくりするような,は感動的な,は劇的な
きらめく,輝かしい,素晴らしい,きらびやかな 華々しい,煌びやかな
改善をする時期を,移り変わりの時期を,ターニングポイントを,転換期を,転向期を,分岐点を,岐路を
実際に,現実に,現に
で免除という,で放免という で免責という
のでいろいろと,ので何かと ので色々と
へと移動,へと移る,へと移転,へと籍を移動 へと移籍
と報酬の と給料の,とギャラの,と出演料の,と賃金の
はすごい,はすさまじい,は物凄い は驚くほど激しい,は激しい,は波乱万丈だ,は凄惨
の結果で の判定で,の審判で,のジャッジで
の生産に,の育てることに,の栽培に,の育成に,の生育に
を持ちながら,を担ぎながら を背負いながら,を運びながら を抱えながら,を乗せながら を肩に乗せながら
すべが,方法が,手段が,術が 手だてが,作戦が,手口が
何度,何度も,何回も,幾度も,度々も
もめて,喧嘩て 喧嘩をし,争って,トラブルになって,口論て
ひとつながりの,一通りの,一連の
の貸し出し,の融資,の融通,の資金の融通,の貸付
が必要だと が大事だと,が肝心だと,が重要だと,が大切だと,がポイントだと,が肝だと
に決まる,に落ち着く,に定まる,に定着,に固定
のテーマは,の会議の内容は,の議題は,の議論する事柄は の議事は,の審議は
を先頭に,を始まりに,をはじめに,を筆頭に,を第一番に を皮きりに,を先駆けに
ぐんと ぐっと,さらに,とても,大きく,一段と,ずっと,大幅に
から撤退しました,から退却しました,から退いた から退去しました,から辞退しました から撤収しました,から後退しました
の呼び名で,のひとまとまりの名称で,の総合的な名称で の総称で
はっきりと,明白と,顕著と
ももう,もこれ以上,もとうとう,ももはや,もこの段階では
には給料は,にはお金は,には報酬は,には賃金は には出演料は,にはギャラは
しておとなしい,して控えめな,して謙虚な,して慎ましやかな
の義務を無くすことを,の免れを,の免除を,の免責を
を飾ったりした,を使ったりした,を添えたりした,をあしらったりした を配置したりした
について答えを,について意見を,について応えを,について答弁を について回答を について返答を,について見解を
や予想をこえた暑さ や高気温,や炎天下 やうだるような暑さ,や厳しい暑さ,や猛暑,や酷暑
熟した,成長した,成熟した,熟成した 発展した,円熟した,熟達した
がある,が感じられる,が流れる,が漂う
口外しない 隠す,秘める,内に隠す 潜ませる,忍ばせる
より怒りたい,より納得がいかない より腹が立つ,よりしゃくにさわる,より腹立たしい,より苛々しい
でなんとか,でやっとのことで でぎりぎりで でやっと,で辛うじて
がずらりと,がずらっと,が一通り,が一斉に,が勢ぞろいで,が勢ぞろいに が荘厳に
が妊娠したからと,が子供を宿したからと,が懐妊したからと
免除の,免責の
のお金より,の出演料より,の給与より の給料より,の報酬より,のギャラより,の賃金より,のギャランティーより
があるという,が感じられるという がうかがえるという,が漂うという
すごい,大変な すさまじい,ものすごい,とてつもない ひどい,恐ろしい,激しい
を追い出した,を排斥した,を排除した,を出した をいなくした,を撤去した,を締め出した を掃討した,を撤退させた,を駆除した
で冷やす,でひきしめる,で引き締める,でしめる
に砕く にすりつぶす,にする,粉末にする に細かくする にひく,に粉砕する
の代表と,のトップと,の筆頭と の第一番と のリーダーと,の頭に立つ の頭と,の総統と,のホープと
が頼みこみをした,がお願いした,が頼んだ,が懇願した,が泣きつきをした が哀願した,が切願した,が嘆願した
玄関前には 玄関には,玄関までの道には,アプローチには,導入路には
気温が高く,とても暑く,厳しい暑さ 猛暑,酷暑,極暑,厳暑
をひき,をかかり,をもらい,を患い,を感染し,を罹患し
が喜ばしい,が良い が好ましい,が望ましい が理想的な,が願わしい,が芳しい
付け加えさ 付け足さ,補充さ,補足さ,付けたしさ 添えさ,付加さ,追加さ,プラスさ,添加さ
かわいそうに,つらく,寂しく,悲しく,切なく,辛く,キュンと,心苦しく,センチメンタルに
の公開に の読むことができる事に,の開示に,の閲覧に,の閲読に,のリーディングに
が詰まっている,が濃いらしく,が濃密らしく が濃厚らしく,が密らしく,が芳醇らしく
すべすべした,つるつるな すべすべな,つるつるした,滑らかな,なめらかな,なだらかな
や厳しい,や厳格な,や厳しめな,やシビアな,や厳たる,や厳めしい
が信仰さ,が信じら,が崇拝さ,が信じさ,が信奉さ が信心さ,が信教さ,が信受さ
自殺に,心中に 無理心中に,自死,情死に
何があってでも,必ず,絶対,確固として,きっぱり,断固,頑として,きっぱりと,強行に
という一通りの,という一連の,という全ての,という連続した,という全部の,というひとつながりの,というひとまとまりの
まともに,普通に,素直に,真正面に 正面から,まじめに,まっすぐに
うっとうしい うざい,うざったい,邪魔な 邪魔くさい,煩わしい,わずらわしい,うとましい
がきっかけに,が引き金に,が原因に,が発端に,が要因に,がスタートに が起因に,がトリガーに,が動因に
飾って かざって,つけて,添えて 付けて,使って,あしらって
が出て,がして,が漂って,があるて,が感じられて,が匂っている
のうるさい,の甲高い,の騒がしい の騒々しい,のすごい,のけたたましい,のすさまじい
へもアピールを,へもアプローチを へも紹介を,へも宣伝を,へも誘いを,へも提供を,へもみちびきを へも接近を
にはまって,に落ちて,にうもれて,に溺れて,に入って
つらい,難しい,しんどい,大変な きつい 疲れる,困る,苦しい,気が休まらない,大変
を分ける,を分配する,を分割する,を割り当てる,を配る を配分する,を分かち合う,を配当する
とめんどくさく とめんどうに,とおっくうに,と嫌に と憂鬱に,面倒な気持ちに,と気が進まないように
から撤退する,から退陣する,から退却する,から撤収する から辞退する,から撤去する,から退去する,から後退する,から退散する,から退避する
まで表彰さ,まで賞を受け まで授与さ,まで賞を付与さ,まで賞さ
を装う を演じる,を決め込む,を取り繕う
見学は,傍聴は,裁判の模様を見聞きすることは,聴講は
にはめると,につけると,に通すと,にすると,に付けると に着けると,にはめこむと
は全て は全体的に,は総じて,は全般的に,は概して
認めて,許諾して,同意して,納得して 承知して 受諾して 承諾して 許可を出して,了承して,承認して
をそのまま書き出した,を使った,を持ってきた,を引用した,を引き合いにした
気持ちよい 気持ち良い 心地よい,気持ちの良い,ちょうど良い,快い,快適な
に記載して,に掲載して,に記して に記名して,に載って に表示して,に記述して,に明記して
ややこしい,回りくどい 難しい,ごちゃごちゃした,紛らわしい 複雑な,煩雑 こみいった
詳しく,細かく,事細かに,念入りに,くまなく,入念に,細心に,苦心して
などと協力して,などと連携して,などと提携して,などと連帯して,などと協調して などと共同して
に薬を出して,に処方して,に投薬して
から視察の から見学の から訪問の,から査察の
採集さ 収穫さ,採取さ,収集さ
をお聞きし,を聞き,をうかがい,を聴いて,を受けて を拝聴し,を傾聴し
協力して,連帯して,団結して,連携して,協調して,共同して,提携して
はなくなって,は消え失せて,は消失して は消えて,は喪失して,は消滅して
緩めて ゆるくして,緩くして,広げて,和らげて,弛ませて,緩和して
をほころばせる,を緩める,を緩和させる
の素晴らしい,の輝かしい のすばらしい,の華々しい,の輝くような,のすがすがしい の素敵な,の神々しい
全て,総じて,一般に,概して
細い,小さい,か細い,消えそう,ひょろひょろとしている,貧弱だ,細かい,乏しい
にびっしり,にぎっしり,に隙間なく,にいっぱい,に細かく に余すところなく,にたくさん,に上から下まで,に窮屈そうに
軽い,緩やかな,少ない 少なめな,穏やかな,拘束の少ない,寛大な
を十分に を存分に,を充分に,をたくさん を満足に,を思う存分に,を目一杯に
険しい 厳しい
見学や,傍聴や,聴講や
が待ち遠しい,が待ち焦がれた,が早く来てほしい が待ちきれない,が待ち焦がれる
を進む,をたどる を行く,を歩む,を進行する
裁判を聴くことを 見学を,傍聴を,聴講を
困惑して,途方にくれて 迷って 困って,迷惑して,当惑して
言うまでもなく,もちろん,予想通り,無論 勿論,間違いなく,当たり前に
の広まりに,の浸透に,の定着に,の一般化に,の落ち着きに,の定置に,の固着に
かすかな か細い,消えそうな とても小さな,小さな 小さい,死にそうな 弱弱しい,力ない
はずす,外す 欠かす,抜かす,無しで済ませる 抜く
に微笑みをうかべ,に笑みをうかべ にっこり笑いながら に微笑をうかべ,に笑いをうかべ,にはにかみをうかげ
てからしばらく,てから久しく,てからしばらくの間 てからずっと,てから長い時間が経ち てから長らく,てから当分の間,てから当分
だけではどうすることも,だけではどうにも だけではどうしようも
とためらう,と困る,と戸惑う,と躊躇する,と尻込みする
の基本は,の方針は,のテーマは の主張は,のベースは,の基調は,のもとになるものは
から守りの,から守備の,からディフェンスの
注意することが,用心が,注意が,用心することが,警戒が
ともめる,と喧嘩する,と争う,と言い争う とけんかをする,と言い合いが起こる,とごたごたする と問題になる
平らな,平な,何もない 平坦な,水平な
へ丁寧に,へ伺うように,へ丁重に
何度も,入念に,念入りに,一生懸命に 重点的に,事細かに
で栽培が,で育てることが で育てるのが,で育成が,で生育が
の低下で の不振で,の低迷で,の低調で,の降下で
に荒っぽい,に粗悪な,に荒い,に雑な に荒々しい,に投げやり,に乱暴な,に粗末な,に粗野な,に丁寧ではない
を閉じ,をつぶり,を閉じて,をつむり
はぐちゃぐちゃ は乱れ,はぐしゃぐしゃで,はぼさぼさになり,は滅茶苦茶,はぼさぼさに
はそれほど,はさほど,はそこまで,は思ったほど
緩める,弛める,緩くする,弱める,緩和する
を入れ,をひき をたらし,を広げて,を広げ
も一段と,もすごく,もずっと,もぐんと もさらに,もとても,も見違えるほど
移り変わりの時期を,変化の時期を,ターニングポイントを,転換期を,岐路を
頭の 頭脳の,知能の,賢さの,能力の,知的能力の
色々と,様々な用途に,何かと 何にでも,色々な場面で,なんだかんだ言って
は正解だったと,は賢明だったと,は利口だったと は良い判断だったと は良い考えだったと,は賢こかったと,は聡明だったと,は妥当だったと
も難しくない,も複雑ではない,もややこしくない
どうにかして,なんとか,どうにか,大変だったが,辛うじて,幸いにも
に増大する,に拡大する,に拡充する,に充当する,に範囲を広げて充実する,に充てる
を追い出して,を排除して,をなくす を除外して,を消えさせて をやめさせて
てどうにもなら,てどうしようもなら,てどうともなら,てままなら
は厳しかった,は険しかった,はとげとげしいかった,は深刻だった,は鋭かった
は少しずつ はだんだんと,は緩やかに,はなだらかに,は穏やかに
こめかみが,目尻の当たりが,目と耳の間が,目じりの横の部分が,額の両脇が,側頭部が
を十分に,をたくさん を存分に,を充分に,を目一杯に,を思いっきり
現に 実際に,事実
て引き金を,て引金を,て発射装置を,て引き鉄を,て発射装置の金具を
をしめて,を閉じて
で素早い,で早い で迅速な,で速やかな,で早急な で急速な
が決まり事かのごとく,が運命かのごとく,が宿命かのごとく
から免除を,から免責を,から免れている,から免責特権を,から義務を果たさなくても良いとの許可を
に移籍 に移った,に移動,に籍を移す,に籍を移動
の目覚めの の覚醒の,の始まりの
な色で,な色合いで な色彩で,なカラーで,な色調で
は嬉しい,は歓喜な,は喜ばしい,は喜ばれる,は良い はうれしい は喜ぶべき,は好ましい は望ましい,は祝福される
が微笑をおくりながら,がにやりとしながら,が笑みをおくりながら が笑顔をおくりながら,が微笑むをおくりながら
逃げる,退く,退却する 撤退する,撤回する,やめる ひく,辞退する
な衣装と,な服装と
信仰して,崇拝して,信心して,信教して,信奉して
を緩めて,を弱めて,を緩やかにして,を緩和させて
の心の中の,の内心の の気持ちの,の心中の,の胸中の,の脳裏の
て困惑する,て当惑する,て戸惑うする
そんなに,それほど あまり,たいして さほど
濃厚な,豊かな,味の濃い,濃密な,重厚な
のベースが,の基本が,の基礎が,の基調が,の骨組みが の骨格が,の背骨が
ウイルスは,疾病は 病気の伝染は,感染は,伝染は,病の伝播は
を着けて,をつけて,をして,を付けて,を着用し,をはめて
は順に,は順次,は順番に,は順々に
の問題の,の考えの違いの,の摩擦の,の擦れ合いの の抵抗の の軋轢の
を採取する,を採集する,を取る,を収集する
に笑顔を,に微笑みを,に笑みを,に微笑を ににこやかな顔を にほほ笑みを,にスマイルを
の崩壊や,の廃れや,の瓦解や
に示しました,に提示しました,にお知らせしました に言いました,に明確に示しました,に明示しました,に表示しました
で車から,で高級車から,でリムジンから,で送迎車から
を疾走する,を走る,を走行する,を疾駆する,をダッシュする
なんでも,思うままに,思うとおりに,思いのまま,自由に,思い通りに 存分に
もぐんと,も一段と,もぐっと,も急に も一気に,もずっと,も劇的に
に対して貸し付けを,に対して融資を,に対して資金の融通を,に対して貸付を,に対して貸金を
を心ゆくまで,を存分に,を十分に,を充分に,を思い切りに,を目一杯に
だからどうにも,だから何にも,だから何も,だからなんにも,だから何とも,どうしようも,だからいかんとも
をはじめに,を始めに,を筆頭に,を先頭に,をトップに,を第一番に
ても腹立たしい,ても苦々しい ても憎たらしい,ても苛立たしい ても腹が立つ,ても憤る
何度と,幾度と,何回と
における目立った,における目立つような,における際立った,における明確な,における顕著な,における特筆すべき,における明白な
金を,出費を,支出を,お金を使うことを 費用を
ひそかに,静かに,水面下で,内密に,緩やかに
主に,ひたすら,偏に 専ら
しろとか指示は,しろとかやりとりは,しろとかやり取りは,しろとか交渉は,しろとか接触は
が明記さ,が記載さ,が書かれ,が掲載さ,が表示さ
で表彰する,で賞する,で顕彰する
に失礼な,に乱暴な,に荒っぽい に粗野な
が元気よく走って が疾走して,がダッシュして が疾駆して
表れて,見えて,表現されて
はにんまりした,はにっこりした,は微笑んだ,はにこにこした,は微笑した,は破顔した
については全体的に,については総合的に,については総じて,については基本的に,についてはおしなべて,については概して
との考えの違いについては,との軋轢については との摩擦については
任務と,責務と 仕事と,業務と,職務と,役務と
の輝かしい,の明るい,の輝く,の素晴らしい,の華々しい
警備が,用心が,警戒が
たのでうっとうしく,たのでめんどくさく,たのでわずらわしく たので嫌に,たのでうざったく,たので邪魔に,たので不快に
面倒な 厄介な,複雑な,めんどくさい ややこしい,込み入って煩わしい
少し,わずかに,かすかに いささか 少々,いくつか,幾分か
が面倒に感じるように,が面倒くさく,が面倒に,がおっくうに
しょせん,結局,結局は,どうせ,そう言ったところで
転換期を,変化の時を,移り変わりの時期を ターニングポイントを,岐路を
は切ない,はつらい,はやるせない は物悲しい は辛い,は苦しい
が引き合いにした,引き合いに出した,が文章をそのまま引き出した,が引用した,が参照した
配分さ,配置さ 分配さ,割り当てら,配合さ
転換期を 岐路を,変化の時を,ターニングポイントを,移り変わりの時期を
閲覧の,閲読の
寝起きの 目覚めの
の会議は,の審議は の議題は,の協議は の会合は の議事は
香ばしい,香り豊かな,香りのよい よい香りの,香りがよい,においがよい,芳しい,ほんのり焦げた
ほどよい,こんがり,程よく焼けて,ほどよく焦げた,いい感じに焼けて,焦げ目の付いた
に浮かんで,に成すがままに浮かんで,に浮いて,にふわふわし,にふわふわ浮かんで,にゆらゆら動いて,に漂って に浮かんで揺れ動いて,にさまよって,に浮遊して
肝心な,重要な,最も重要な,重大な,大切な,特に大切な,決定的な
あっさりと あっけなく,あっという間に,張り合いがなく,期待外れに,期待はずれで物足らなく
を掴んで,をつまんで,をはさんで,を持って,を指先で掴んで,を指先で挟んで,を指ではさんで
出会うまでに,触れ合うまでに 接触までに 近づくまでに,接近までに,コンタクトまでに
と気まずく,と関係が悪く,と居心地が悪く,と気まりが悪く,としっくりとしなく
まるで,あたかも,さながら
にはまって,に埋もれて,に入り込んで,に落ち込んじゃって
の原因に,のきっかけに,の引き起こす原因に,の引き金に
はいまいましげに,は苦々しげに,は憎々しげに,は腹立たしげに,はむかむかしながら
は頻繁に,はしばしば,はたまに,は時々,は結構 は時おり,は幾度か はまあまあ
もおっくうに,も面倒に,も気が進まないように
において表彰します,において賞を授与する,においてほめたたえます,において賞します において栄誉を称えます,において表顕します
が映える,が見映えがする,が目立つ が引き立つ,が良く見える,がアクセントになる
の衣装を,のドレスを の洋服を,の洋服デザインを の衣服を,の服装を,の装いを
の感染に,の病気がうつることに,の伝染に,のうつることに,の接触感染に
て長い て長い時間が経つ,てしばらく経つ,てしばらくだ,て久しい,て大分たった
を装って,のふりをして を演じて,を偽って
控えめな 謙虚な,慎ましい 慎ましやかな
くらいから表れ,ぐらいから表面化して,くらいから出てきて,くらいから出現して ぐらいから出てくるようになり,ぐらいから明瞭になり ぐらいから見える形をとって表に出て
適当に 雑に,いい加減に,乱暴に,荒っぽく,荒々しく,激しく
で持って,でつまんで,で掴んで,で取って,ではさんで
は結局は は結局 は結局のところ,はどうせ,はつまるところは,はしょせん
のこんがり,のきつね色
操縦して,操作して
は忘れるな,は怠るな,は欠かすな,は途絶えさせるな,は無しですますな はしないですますな
まで拡大,まで広め,まで充実 まで範囲を広げて充実,まで拡充,まで延長
知能を,知的な能力を,能力を 頭脳を
残念ながら,残念なことに あいにく
の仕事を,の業務を,の職務を,の受け持つ仕事を,の担当を,の責務を,の受け持つ任務を
という大変な,という困難な,という緊張感のある という劇的な,というドラマチックな
すべ,方法も 手立て,方法 手段
の融資が,の資金の融通が,の貸付が,の融通が
は笑った,はにっこり,嬉しそうな顔,は笑顔,は微笑んだ,はにこり,はにこにこ顔
および国民に対して,および人々に対して,および市民に対して,および人民に対して および民衆に対して,および民に対して,および群衆に対して および大衆に対して,および庶民に対して
を背負って,を担いで をかついで
て長く,て久しく,て長い間,て大分たち,て長い時間が経過して
が腹立たしく,が腹が立つように が嫌に,が苦々しく,が憎々しく,がしゃくにさわるように
が少し,が少々,が少しばかり,がちょっと,がいくらか,がいささか,が結構,がなかなか
を名乗る,を語る を称する
を見て をうかがって,をのぞいて,を覗き見し,を観察し
は狭い,は窮屈な,は思うように身動きできなげな はきつきつな
が少なく,が足りなく,が乏しく,が十分でなく
に書かれ,に記載さ,に載せら,に明記さ に掲載さ
個性的な ユニークな,面白そうな 面白い,ユーモラスな,ユーモアな
も結局は,も結局のところは,も結局はは もしょせんは,も結果的に,もつまるところは
知能を,能力を,頭脳を,知識を,知恵を,ちえの働きを 頭の働きを
の応援に,の励ましに の元気づけに の激励に
に重要な,に絶対的な,に絶大な,にこの上なく大きな,に権限の大きな
を十分に を存分に,を満足のいくままに,を心置きなく,を目一杯に を満足がゆくように,を充分に
ささやかな,簡単な,小さなな,控えめな 形ばかり
何とか,ぎりぎり,辛うじて,寸前に やっとのことで 辛くも
慰めを,励ましを なぐさめることを 気遣いの言葉を,同情の言葉を,気の紛らわせを,いたわりを
を拭いて,をふいて,を拭って,をふきとって
を意味して,を表示して,を示して を表して,を明記して を表現てて
が添えて,が添付して が付けて,が付け加えて が添付されて,が付けられて
すばやく 素早く,さっと すぐに,手早く
を閉じて,をつぶって
の厳しい暑さで の猛暑で,の猛烈な暑さで,のうだるような暑さで
た文書を た文章を,た文献を
ない運命と,ない定めと ない宿命と,ない天命と
がきっかけに,が引き金に,が契機に
良質の,上質の 高品質の 非常に良い質の
方法が すべが,手だてが 手段が
心の中は,内心は,気持ちは,胸中は,心中は,胸の中は
守備が 守りが,ディフェンスが,防御が,守備陣が
をつけ を着け,をはめ,を装着し を付け,を装着
結果が,判定が,決定が,裁定が 判断が
で記入し,で作成し,で記載し,で書き込みをし,で記帳し
に勝つ,に勝る,に上回る,に優れている
たくさん,数多く,ずらりと,沢山,いくつも,ずらっと,勢ぞろいで
だから遠慮する,だからためらう,だから気後れする,だから躊躇する
の議事を の審議を
つかむ,つまむ,指先で持つ,はさみもつ
の強い,の強烈な,の凄まじい,のすさまじい,の強すぎる の強力な,の猛烈な
の目覚めに,の起床に,の覚醒に
やや,少し,いくらか,わずかに,かすかに,多少,いささか
もめる 争う,言い合う,ごたつく
があまり,がさほど,がたいして がそれほど
非常に早い の素早い,の俊敏な,の機敏な,のあっという間な,の迅速な
をたどる,を進む を行く,を歩む,をなぞる,を手繰る
の免除を の支払いの義務をなくすことを,の放免を
出費,負担,支出,費用
入念の 念入りの,きめ細やかな,細心の
で川沿いの,で河原沿いの,で河原の,で河川敷の
は寺社の中の,は敷地内の は境内の
の一連の,の一通りの,のひとつながりの
をひく,を受け継ぐ を継ぐ,を引き継ぐ,を継承する
あたかも まるで
しばらく,長いあいだ,長い間 長く,久しく,暫く
回答を,返答を 答えを,答弁を
が心地よい,が気持ちよい が気持ちいい が気持ちの良い,が快い
一致して,合って 合致して,符合して
を動かし,を操縦し,を運転し,を操作し,を制御し,をコントロールし
信仰であった,信心であった,信奉であった,信教であった
につける,にのせる に添える,に付ける,に付け足す
種類は バリエーションは,パターンは,形態は,多様性は
に消し,に拭い,に消し去り,に払い,に除き,に取り除き,に除去し
アプローチは,アタックは,働きかけは 接近は
手だてが,すべが,手段が,方法が
にもろい,に弱い
むなしく,空虚な,悲しく,空虚に,空疎に
しょせん,結局,どうせ,結局は
で何度か,で幾度か で何回か
乱暴な,雑な,荒っぽい,粗野な お転婆な
でもめて,喧嘩をして で言い合って,で争って,でいざこざを起こして
に装着するだけで,に付けるだけで,にはめるだけで,に着けるだけで,につけるだけで
支払いが,返済が 返却が,借りた金を返すことが
がなくなる,が途絶える,が絶える が無くなる,が消える
清いという 清らかという,けがれないという,清々しいという
が煩わしかったなあ,がわずらわしかったなあ がうっとうしかったなあ,が邪魔だったなあ が不快だったなあ
望ましい 好ましい,望んでいた,願わしい 理想的な
ながら少し,ながらわずかに,ながらかすかに,ながら少しばかり,ながらいささか,ながら少々,ながら若干
を出す,をあげる,を示す,を形にする を表す
ずらりと,ずらっと,いくつも,たくさん,大量に,整然と,勢ぞろいで,数多く
を添えて,を同封して を添付して,を一緒に,を一緒にして,一緒につけて
を示して を表して,を表現して を表現て,を示唆て
激しい,びっくりするような,強烈な,うるさい けたたましい,甲高い 騒々しい,つんざくような
何とも,なんとも,どうにも,何ともいえず
の見学を,の傍聴を,の聞き役を の見聞きを
をしめ,をつけ,をまとい,を結び,を身につけ
を見て,を狙い,を狙って,をうかがい,を見つけて
に着こなす,に装う,に振舞う
何とぞ どうか,何とか,是非とも
でふくと,で拭き取ると で拭くと,で拭うと
はきつかったですね,は厳しかったですね,はつらかったですね,は辛かったですね はしんどかったですね,は困難でしたね
に移籍,に移動 に籍を移す,に鞍替え
に乱れ,に荒れ,に整わなくなり にまとまらず,に狂い
を飾って,を取りいれて,を合わせて,をあしらって,を取り合わせて
が何とも,がどうにも,がどうしても,が何故だか,がどうやっても
に広げた に拡大した,に増やした,に拡張した
て馬鹿な,てバカな,て愚かな,て無駄な てあほらしい,て馬鹿らしい
はひそかに,心のうちで,はひっそりと,は内密に,は秘密裏に
して人々の,して世間の,して民衆の,して群衆の して大衆の,して市井の
がけたたましく がうるさく,が騒々しく が煩く,がびっくりするような が激しく が甲高く
の仕事を の代理を,の職務を,のお仕事を,の役務を の任務を
敷地が,境内が,敷地内が,寺中が
に勝つ,に勝る,に上回る,に超える
ちゃんとに,まともに,きちんとに,しっかりと,正確に,正しく
信じられないけど 疑わしいけど,怪しいけど,信用できないけど,疑問だけど,不確実だけど
の内容に関する,のテーマに関する の審議に関する,の議事に関する
た守りを,た守備を
によってささやかな,によってわずかな,によってひかえめな,によってわずかながら,によって控えめな
に消失しつつ になくなりしつつ,に消滅しつつ,に消えしつつ
馬鹿な,おバカさんな,愚かな
のトップに,の先頭に,の頂点に,の筆頭に
閲覧は,検閲は,閲読は
団結して,協力して 連携して,連動して,連帯して
すべすべな 滑らかな,つるりとした,なだらかな,スムーズな
河原に,河川敷に
荒れて 廃れて すたれて,荒廃して,寂れて
崩壊の,転落の,壊滅の,瓦解の,潰滅の
の恐ろしい のすさまじい のものすごい,鬼のような,のおどろおどろしい
に勝る,に上回る,を上回る,に勝つ
は上手な,は流暢な,はスムーズな,は滑らかな,はペラペラな
は表示さ,は明らかにさ,は明記さ,は示さ は明確に示さ,は指定さ は明示さ,は明確化さ
個性的な,凄まじい 激しい,強烈な,猛烈な,凄絶な,猛然たる,悽絶な
で思いっきり,で思い切って,で思い切りに で存分に,で好きなだけ,で思うように,で充分に,で精一杯
切ない,やるせない 悲痛な,切実な 悲しい
傷ついて,病んで,塞ぎ込んで
が映える,が合う,が目立つ,が引き立つ,が見栄えがする,が綺麗にうつる
をことこまやかに を丁寧に,を丹念に を念入りに,を入念に
の低下に,の低さに,の低迷に,の転落に
を決意した,を了解した,を承諾した を同意した,を了承した,を承知した
名前を言う,名乗る
には境内も,には寺の中も には敷地内も,には敷地も
が丁寧に,が丁重に が大事に
接触の 近づくの,アプローチの 接近の,働きかけの
の内容,のあらまし,の概要,の概略,の展望 の概観
が挑む,が挑戦する,がチャレンジする,がのぞむ が望む
についても見張りの,についても監督の についてもみはりの についても監視の,についても注視の
はひそかに,はこっそりと,はこっそりに はひっそりに,は秘密裏に,は内密に
で腹立たしかった,で腹が立った,でむかむかした で苛立たしかった,で憎たらしかった,で苛立たしい で不快だ,で不機嫌だ,で腹わたが煮えた で忌ま忌ましい
激しく,やかましく うるさく けたたましく,騒々しく
服も 服装も 着るものも 衣装も,衣服も,コスチュームも
ターニングポイントにあたって,岐路にあたって 変わり目にあたって 転換期にあたって,変革期にあたって
たうたい文句の,たキャッチコピー,た宣伝文句の,たキャッチフレーズの,た売り文句の,た売り込み文句の
ユニークな,面白い 愉快な,おもしろおかしい 滑稽な,ユーモラスな おかしい,チャーミングな
のすさまじい,の絶対的な のものすごい,の絶大な,の大きな の強大な,の巨大な,のどえらい,のすさまじく大きい の極大な
て監視をさ,て見張りをさ,て観察をさ て監督をさ,て巡視をさ,てマークをさ
動かす 操作する,運転する,操縦する,コントロールする,操る,制御する
に常駐する,に駐在する にいつもいる,に常に駐在する,に駐留する に常勤する
を除去する を取り除く,を取り払う,を排除する,を無くそうとする を取り外す を取っ払う,を除外する,を排斥する
に笑みが,に笑いが,に微笑が,に微笑みが,に軽い笑み,にスマイルが,にニコニコが
なんて細かく,なんて詳しく,なんてきめ細かく,なんて綿密に,なんて微細に,なんてじっくりと なんて緻密に なんて計画的に,なんて周到に
挑む,チャレンジする 挑戦する,トライする,臨む 望む
何度も,幾度も 何回も,いくたびも,度々も
付け加えさ,付け足しさ,付け足さ 付足しさ,補足さ,補完さ
とのやりとりも とのコミニケーションも,とのふれあいも との触れ合いも,との接触も,とのコンタクトも
は大きく,は格段に,は劇的に,は目立って,は見違えるように は大変に,は衝撃的に,は顕著に,はドラマティックに
とお願いし,と懇願し,と切望し,と嘆願し,と哀願し
方法を,やり方を 術を,すべを,手段を
順に,順番に,順次,順々に 順番,順繰り
荒っぽいので,がさつなので,乱暴なので,手荒いので 荒々しいので
に欠かす,に欠く になくす に無くす
直ぐに,さっと 素早く,ささっと 迅速に,俊敏に,間を置かず
もなくなり,も止み,も絶え,も途絶え
話が,返事が 返答が,答えが 回答が,応答が,答弁が,弁明が
勿論,言うまでもなく,当たり前ながら 当然,無論
に撤退する に退く に取り払いする,に廃止する に撤収する,に退去する
で常駐し,でいつもいる,で駐在し,で常にいるように,で常勤し,で常務し
ですさまじい,で壮絶な,で騒々しい,で物凄い でものすごい,でうるさく,で凄い,でけたたましい で激しい,で強烈な,で巨大な
が度々,がしばしば,が何度も が繰り返し,が時々,が頻繁に が時として
も秘めて も隠れて も持ち合わせている,も隠して,も隠し持って
があたかも,がまるで,がさながら
面白い,楽しい,ユニークな,ユーモラスな 興味深い,滑稽な
とにかく,何しろ,何と言っても,何といっても,どうにも,いずれにせよ
のギャラは,の報酬は,の給料は,の給与は,のギャランティーは
をベースにした,をメインカラーにした を基調にした を基本にした,を軸にした
救いを,慰めを,癒しを,心やりを,同情を,慈悲を 力づけを
何かと,何かに付け 何かにつけて,とかく,ことあるごとに,折に触れ
の目立った,の明らかな,のはっきりとした の際立った,の明確な,の著しい の顕著な
を名乗り,を言い,を告げ,を申し出て
見方には,受け取りには,読み取りには,解釈には 理解には
ややこしい,難しい,面倒くさい,面倒な,厄介な,複雑な,込み入った
ながらも頑張りを,ながらも活躍を,ながらも健闘を,ながらも奮闘を
あいにく 残念ながら,不運にも 運悪く,折悪しく
異様な,異常な,異質な,奇妙な,異色な
服装も,服も,衣装も,ドレスも,衣服も コスチュームも
を始めとして,を筆頭に を目玉に,を代表に,を手始めに,を代表的に,をトップに,を先頭に
からなくなるまでの,から消失するまでの から去るまでの から消えるまでの,から消え去るまでの,から消え失せるまでの から消滅するまでの
の移籍は,の移動は,の異動は
自分を,己を 自分自身を,自己を
においても欠く,においてもなくす,においても無くす,においても失う,においても欠かす
の中心人物が,の幹部が の重役が,の主要人物が,の指導部が
気持ちよい,気持ちいい,心地良い,心地いい,快い 快適
の乱れる,の淫らな,の服がはだける,の悶える,の錯乱する
からのアプローチが からの短いショットが,からの仕掛けが
で取り出した,で入手した,で収集した,で採取した
きつい,小さい,きつきつな 窮屈な
モノに,物に,ものに,あるものに,物体に,物質に,何かに
を止める,をためらう,を迷う を躊躇する,を尻込みする
嫌ではないらしい,気まずくないらしい,不快ではないらしい,居心地が悪くないらしい,きまりが悪くないらしい,気詰まりではないらしい
のはげましを の励ましを,の激励を のエールを
とややこしいから,と面倒だから,と面倒くさいから,とこんがらがるから,と複雑になるから と複雑だから
厳しい,険しい 真剣な きつい,深刻な,難しい
の支払いに,の返済に,の返金に,の返却に,の返還に,の弁済に
丸ごと,ぜんぶ,全部,丸々,1個全部
見学をさ,視察をさ,巡視をさ
高級車とは,リムジンとは,高級外車とは,大型高級乗用車とは
は暑さが厳しく,は厳しい暑さ,は猛暑,は酷暑
河原の,河川敷の
やりとりは,会うのは,連絡は,接触は コンタクトは 面会は,接見は,コミュニケーションは
の活躍を のご活躍,の健闘を,の頑張りを,の奮闘を
とは書い,とは明記され,とは明示され,とは提示され
は欠かす,はなくす は外す,は忘れる,はなしで済ませる は除く,は除外する
による感染,による伝染
にぶつかった,にぶつかる,に当たった,に接触,に触れる,に衝突
順に 順番に,順次
が信仰さ,が信じられて,が崇拝さ,が崇敬さ
という出費に,という浪費に,という支出に
を出さ,を処方さ,を用意さ
が止まっても,が尽きても,が絶えても,が止まって,が途絶えても
をむなしく,を寂しく,を無意味に,を空虚に,を無駄に,を無為に,を徒に,を空疎に
で控除を,を義務から逃れること で免除を,で免責を
むなしく,空虚に,空疎に
がずらりと,がいっぱい,がずらっと,が数多く,が何台も,が沢山,がずらずらと,が多数,が勢ぞろいで
をベースに,を基調に を基本に,をメインカラー,を地色に
がらりと,急に,一気に,急劇に,見違えるように,非常に,劇的に,ドラマチックに,ドラマティックに
た自分に,た自分自身に,た俺に た僕に,た己に,た私に
何回も 何度も,幾度も,度々も
今や,今では,今は,現在は,現在では もはや 現代は,時代は
をつぶって,を瞑って を閉じて
のものすごい,のすごい,のすさまじい,のもの凄い の凄い,の激しい,の強烈な のひどい,の壮絶な
に用心の,に警戒の
も抜群であった,も一目瞭然であった,も顕著であった
の衣装を,のコスチュームを,の着物を,の衣服を,の衣を,のお召し物を
が良い,が賢い,が利口だ,が賢明だ,が賢いやり方だ が間違いない,が適切だ,が順当だ,が利巧だ
のシリーズの,の一連の の一通りの,の一続きの
によく,に専ら
や記事,や資料,や文献,や文書,や専門書,や典拠
うだるような暑さの,猛暑の 厳しい暑さの,真夏日の 酷暑の
市民を,庶民を,衆人を,人々を,民衆を,大衆を,世間を 国民を,皆を,聴衆を,群衆を
はいい,はいい事だ,は良いことだ,は喜ばしい は嬉しい はうれしい,は結構だ
をつかみ,をつかんで,をつまみ,を手に取って を指でつかんで,を指先で持ち,をそっと持ち
あたかも まるで
な色調の,な色彩の な色の,な彩りの ないろどりの,な色合いの
姿勢が,形が かまえが,体勢が
に記載され,に記され,に明記され,に書かれ,書いてある,に載っ,に掲載され,に記帳され
厳しくて 厳しく,厳しい人で,厳格で
は素晴らしい,はすさまじい,は物凄い はものすごい,はすごい は凄い,は目を見張る,は感動する
を元気づけに,を励ましに,を元気付けに,を勇気づけに,を慰めに,を慰問に
を装う をつくろう
に増やします,に拡大します,に拡充します
が用意さ,が提供さ,が指示さ,が処方さ
に他界した に亡くなった,に死去した,に逝去した,に逝った,に永眠した,に昇天した
のいざこざが,の問題が,のもめ事が のしこりが,の障害が,の不和が,の摩擦が,の軋轢が,の擦れ合いが
する上質な,する優良な する良質な,する高品質な する品質の高い
の励まし,の激励 の応援
も乱れて,も荒れて,も廃れて,も荒廃して
で亡くなりました,で死亡しました,で他界しました,で死去しました,で彼岸の人になりました
であっけない,であっという間の,で拍子抜けする,で盛り下がった で期待外れな,で淡白な
をベースとした,を基調とした,を基本とした,を中心とした をベースにした,を基盤とした
上質の 良質の,品質の高い
が使用さ,が引用さ,がそのまま使用さ,が挿入さ
でふきながら,で拭いながら,でこすりながら,で払いながら
ぜひとも,何とぞ どうか,是非にも
ささやかな,少しの,わずかながら,少額な,雀の涙ほど
はもう,はもはや はすでに,はすっかり
を退ける,を取り除く,を排除する を追放する,を排斥する
の役員は の幹部は,の重役は,の上層部は,の重鎮は
なヘラヘラ笑いなどしない,な薄笑いなどしない,な微笑などしない,な微笑みなどしない,な笑顔などしない
厳しい,厳格な,シビアな,堅物な 威厳のある
細部まで,丁寧に,丹念に,詳細に 細部にわたって,事細かに,綿密に
に丁寧に,に根気よく,にじっくりと丁寧に,に地道に,に真面目に
雄大な,壮大な 広大な
バツが悪く,気まずく,居づらく,居心地が悪く,場の空気が悪く
が待ち遠しい,が楽しみだ,が待ちきれない
が厳しい,が激しい,が猛烈な,が強烈な
で質の高い,で上質な で質の良い で良質な,で上等な,でレベルの高い
の安定 の定着,の定まり,の浸透,の定番化
けたたましく,やかましく うるさく,激しく,驚くような高い音で
聞き 話を聞き お聞きして お聞きし,うかがい
激しい,強烈な,猛烈な,激烈な
を表して を示して,を指して,を表現して,をイメージして
気まずい,居づらい 居心地が悪い,凍り付いた,バツが悪い
何としても,何があろうと,絶対,必ず 絶対に,頑なに,断固
で懇願した,で嘆願した,で哀願した でお願いした
念入りに しっかりと,きっちりと,入念に 丁寧に,丹念に
に義務を果たさなくてよいよう許可を,に免除を,に全控除を,に免責を
そのまま使用して,引用して,挿入して
心中こそ,情死こそ
励ましの,慰めの いたわりの,救いの,癒しの
を動かして,を運転して を操縦して,を操作して
に絶大の,に強大な,に大きな,に確実な にとても大きな,に最大の,に莫大の,に絶対的な
あふれる,漂う,ある,が感じられる 溢れる
で多大な で絶大な でとても大きな,で絶対的な,で確実な
がよく,がしばしば,が度々 がしょっちゅう,がかなり,が結構,が大分
の感じ方で,の考え方で,の解釈で,の理解で,の読み取りで
の欠点は,の残念なところは,の短所は の難点は,の問題点は,のウィークポイントは
に恥ずかしく,に情けなく,にみじめに,に惨めに,に虚しく
に立ち向かい,にチャレンジし,に向かっていき,に挑み,に挑戦し
真面目な,厳格な 堅物な,規律の厳しい
今となっては 今や,今では,きょうび,現在では,現在は,もはや
すると質の良い,すると質の高い,すると良質な,すると上質な,すると高品質
で疾走する,でダッシュする,で突進する,で暴走する,で爆走する
がたくさん,がずらり,がぎっしり,がぎゅうぎゅうと,がびっしり,が隙間なしに が隙間なく
を書いて,を添えて,を交えて,を添付し
を表している を表す,を映し出す,を示す,を表現する
が起きることに,の目覚めに,の起床に,の覚醒に
とお願いする,と頼み込む,と懇願する,と嘆願する
をしっかりと,を十分に,を思うままに,をタップリと,を存分に,を目一杯に,を思う存分に
聞くことが,聴取が,傍聴が
気まずい,良くない,居づらい,居心地が悪い 居心地の悪い 微妙な
でどうにか,でやっと でなんとか,でどうにかこうにか,で何とか,で苦労して,で辛うじて,で苦労の末
の目覚めは,のお目覚め,の寝起きは
念入りに,丹念に 入念に 熱心に
もう もはや,すでに,こうなっては,今や,今となっては
も変わるべき時に,もターニングポイントに,も変化の時に,も転換期に,も岐路に
と協力して,と一緒に,と連携して,と連帯して
トラブルの トラブる,もめる 争う,あらそいがおこる
を抜くと,を緩めると,を引き締めるのをやめると
気持ちよかった,気持よかっ 心地よかった,気分よかっ,心安らいだ,快かった,心に染み入っ
て気持よく,て気持ちよく,ていい気持ちで て心地よく,て気分よく
香りたつ,香り高い,香り豊かな 香ばしい,匂いたつ,芳しい,芳醇な香りの,ふくいくたる
ぎっしり,びっしり ぎっしりと,隙間なく,大量に,無数に,細密
の中心になる人物も,の上役も,の重役も,の幹部も
はひどい暑さから,は厳しい暑さから,は真夏の暑さから,は猛暑から,は酷暑から,は熱波から
妊娠して,赤ちゃんがお腹に,身ごもって,子を宿して,懐妊して,懐胎して
全体的に,総じて,あらかた 全体的な傾向として,トータル的に 概ね
に流されず,に妥協せず,に譲歩せず に迎合せず
あっさりと,あっさり,あっけなく,あっという間に
を弱めて,を病んで,をわずらって,を崩している,を蝕まれて
がはっきりと,があきらかに,が目だって,が明確に が著しく,が顕著に
に行動を,に売り込みを,に仕掛けを,に働きかけを,にアプローチを,に接近を,に接触を
なテーマを,な会議を な議題を,なディスカッションを,な議事を
にうっとうしく,にじゃまくさく,に邪魔に にうざったく,に不快に にうざく,に煩わしく,に暑苦しく
にとってもういない,にとって永眠した,にとって亡くなった,にとって亡くした,にとって死んだ にとってこの世にいない,にとって逝った にとって他界した,にとって死去した,にとって逝去した
の服を,の衣を の衣装を,の着物を の服装を,の衣服を,の装束を
を言い,を教え を名乗り を伝え,を申し出て,を名乗り出て,を明言し
聞いて,うかがって お聞きして,おうかがいして,お教えしてもらって 教えられて
気持ち悪い,うっとうしい,うぜえ,うざい,うざったい,不愉快だ,うっざ 迷惑,煩わしい
苦しいですねえ,つらいですねえ,きついですねえ,しんどいですねえ,ゆるくないですねえ
が残念,が弱み が問題,が短所,が欠点,が問題点,が弱点,が難点,が難儀
は輝かしい,はど派手な はきらびやかな,は華やかな,はハデな,は煌びやかな,は華々しい,は華麗な,は豪華絢爛な
の返金,の返却,の返済 の返還
を全部 をそのまま を全て,をそのままを,を何もかも,を丸ごと,をまるっと をありのままに
を判定,を調査,を診断,をジャッチ を判断
が引き立つ がよりよく見える,が映える が見栄えする,が見栄えがする,が綺麗に見える
給料の,報酬の 給与の,ギャラの,出演料の
をしっかりと,をじっくりと,を熱心に,を隅々まで,を念入りに,を穴が開くほどに,を頭に刻み込むように,を入念に
の返金に,の返済に,のローンに,の返却に
きっぱりと,断固,絶対に,頑として,頑なに,断じて,厳然として 気を強く持ち,確固として,毅然として
うれしい,ほしかった,嬉しい,気に入る,もらいたかった,喜ばしい,喜ぶべき,望ましい,好ましい 持っていたい
を讃えます,を表彰します,を褒賞します
付け足した 付け加えした,付け加えた,フォローした,補足した 追加した,補完した
というキャッチコピーで,というキャッチフレーズで,という宣伝文句で,という名目で という謳い文句で,という売り文句で といううたい文句で
は擦れ合いに,はこすれに,は摩擦に
も弱かった も少なかった,も見られなかった,も乏しかった,も強くなかった,も不十分だった
なくなって,消えて,終わって,絶えて,途絶えて,滅びて,断絶して
ねっとりとした,強烈な 濃厚な,ディープな,濃密な 情熱的な
今では,今や,今となっては,今はもう,すでに もはや,現在では,今日では
形だけの,うつろな むなしく,空虚に,空虚な,儚く,空疎に
情けない,心配な,恥ずかしい 嘆かわしい,憐れな,みじめな,憂慮すべき
普通に,まともに,まっとうに 定価で,正規に
が大事だと,が大切だと,が重要だと,が肝心だと,が秘訣だと,が肝だと,が勝負所だと,が肝要だと,が要訣だと
の冷えた 気温の低い,の少し寒い,の肌寒い,の寒い,冷んやりする,のうすら寒い,の薄寒い
控えめに,謙虚に,慎ましくに
激しい,濃厚な,ねっとりとした,強烈な 濃密な,これでもかといやらしい 情熱的な
扱う あつかう,あしらう
載っ,記録され,明記され,掲載され,記述され 記載され
の融資も,の出資も,の援助も,の貸付も の貸与も の貸付金も
嬉しい うれしい,素晴らしい 喜ばしい,好ましい,光栄な
の一通りの,の一連の の一続きの,の全行程の
を痛めて,をいためて,を悪くして,を病んで
入力して,書いて,記入して,明記して,記載して
からあふれて から漂って,から溢れて
が良い,がよい,が好ましい,が望ましい,が理想的な,が求められている,が望まれている
が完成する,が確立する,が発展する,が成熟する,が円熟する
には消えて にはなくなって,には消えて無くなって,には消滅して,には消失して,には喪失して
はキャッチフレーズとして,はキャッチコピーとして,はうたい文句として
病気の,感染の,伝染の
が出て,が表れて,が示され,が顕著化して
の見学に のチェックに,の視察に,の観察に,の偵察に
まるで,あたかも
と丁寧な,と礼儀正しい,と丁重な
もにこにことして,もにっこりとして,も微笑んで
を見て,をうかがい,を様子見し
怒ったよう,が腹立たしげ,が憎らしげ,が苛立たしげ,が憎々しげ,がいまいましげ
をのせて,を添え,を付け加え
や河原だった,や河原沿いだった,や河川敷だった
の敷地では,の寺社内では の境内では,の寺の敷地では
言うまでもなく,いうまでもなく,もちろん,勿論,無論
は質の高い,は質の良い,は良質な,は高品質な は品質の良い,は上質な
が面倒なら,がめんどうなら,が面倒くさいなら,がおっくうなら
を広げ,を拡大し,を拡張し
をどうしても,をどうにも,をどのようにしても
順に,順番に,順々に,順次
は色彩を,は彩りを
など何かと など色々と,など色々
がお願いした,が必死にお願いした が懇願した,が嘆願した,が切願した
が高級車の,が外車の,がリムジンの
てこそ映える てこそ引き立つ てこそ見映えがする,てこそ見栄えがする てこそ生きる,てこそ美しく見える
とお願いした,と熱心にお願いした,と懇願した,と切望した
いかにも,さも
少し,わずかに,少しばかり,いささか
がぎっしり がびっしり,が大量に,が隙間なく,が所狭しと
をふき取って を拭いて,を拭って
による資金提供,による融資
が拡大さ,が拡張さ,が拡充さ
としてはまともだよ,としては正当だよ,としてはまっとうだよ としては正常だよ
に挑む,にチャレンジする,に挑戦する に立ち向かう
に妥協して,に譲歩して
はとても大きな,はきわめて大きな,は絶対的な,は強大な,は絶大な
妊娠して,お腹に子供が,子供を宿して 身ごもって
をひいて,を受け継いで,を継いで,を継承して
が途絶えて,が絶えて,が消滅し
手を引く,から撤退する,から撤収する
すらすらと,スムーズに,滑らかに
気持ち良く 気持ちよく,快く
の明るい,の輝かしい,の素晴らしい,の光り輝く
大きく,ぐんと,大分 大幅に,ずっと,随分
で順に,で順番に,で順々に,で順次
の免除を,の義務を無くすよう許可を,の免役を,の放免を
の格好が,の服装が の制服が,のユニフォームが の衣装が,のコスチュームが,の衣服が
とが摩擦を とが擦り合い
困ら,戸惑わ,困惑さ,当惑さ
敷地を,寺社の敷地を,境内を,寺社内を
と協力し,と協力し合い,と連携し,と連帯し
は戸惑いしながら,は困惑しながら,は当惑しながら
実際に,現に
から見けら から採,から採取さ から取り出さ,から検出さ,から収集さ,から採集さ,から取得さ
救いを,気休めを 慰めを,慰労を
をなくし,を取り除き,を除き,を廃止し,を除去し,を排除し,を排斥し
のあらすじは,の大まかな内容は,のあらましは,の要点は の概要は,の概略は,の大筋は の要旨は
は自分の,は己が,は我が
として発表さ,として表彰さ
にはめては,にあてはめては,に押しこめては
のひいていく,のひく,のなくなる,の無くなる
に押し込められていた,で窮屈だった,で狭苦しい状態だった
が楽しみな,が待ちきれない,が待ち遠しい,が早く来てほしいと望む,がを待ちわびる,がを待ちかねる
まで種類も,までパターンも,までバリエーションも,まで種別も
を閉じ を閉じて,をつぶり,をつむり
の身元は,のプロフィールは の正体は,の身分は,の身上は,の素性は,の実態は
に提示して,に開示して,に明示して,に周知して
を恐れる,を用心,を用心する,を警戒
は簡単で,は単純で,はあっけなく,はあっさりと,はあっさりして物足りなく
寒い,少し寒い,空気の冷たい 冷え込んだ 冷たさを感じる 肌寒い
一通りの,一連の,一通りの流れの,ひとつながりの
よく,何度も,度々,しばしば,頻繁に
広大な,雄大な,壮大な
少し高く,やや高く,小高く,少し盛り上がったように
に合っている,に一致する,に適している にぴったり一致する,に合致する
すでに もう,今となっては,今では,今や,もはや
は困惑しながらも,は当惑しながらも
成長した,完成した,成熟した 発展した,時の経過とともに完成した,円熟した
怪しければ あやしければ,疑わしければ,疑いがあれば 不審ならば,クロならば 信じられなければ,疑惑があれば
はそれほど はそんなに はあまり,はたいして,はそんなにも,はさほど
が弱く,が崩れやすく が壊れやすく,がぼろぼろ崩れやすく,がもろく
は荒っぽいけど,は雑なところもあるけど,は荒々しいけど,は乱暴だけど
をたっぷりに,を十分に,を思い切りに,を思いっきりに を充分に,を存分に,を目一杯に を心ゆくまで,を心行くまで
はいつもいる,ずっとそこにある状態にされる,は常備される,は常駐される は駐在される は常勤される
気持ちよく 気持ち良く,気持よく,心地よく 快適に
から怪しいですね から疑わしいですね からあやしいですね,から疑問ですね,から疑問の余地がある,から信憑性がないですね
で使用さ,で使わ,でそのまま使用さ,で引用さ で引合いに出さ,で引き合いにさ,で参照さ
に書いて,になおして,に表して,に示して,に表示し
幹部も,重役も,上層部も,団体の上層部も
すぐに終わった,あっさりしている あっけないな,あっさりして物足りない,期待外れだ
に体を,に姿勢を,に体勢を,に上半身を
に対する小さな,に対する少しの,に対するわずかな,に対するささやかな,に対するかすかな,に対するひそやかな に対する控えめな
と見張りが,としっかりと見張ることが と監視が,と監督が,と監察が
の見学を,の訪問を,の視察を
を細かく,を詳細に,を丁寧に,を綿密に を厳密に,を丹念に,を緻密に
の返済に,の支払に,の返却に,の弁済に
および国民に,および民衆に,および民に および人民に および大衆に
小さな,小さい,か細い,か弱い 弱々しい,消え入りそうな
の状態に,の体勢に,の姿勢に
の険しい,の激しい の厳しい,の過酷な,の切り立った
に面倒くさい に迷惑な,に面倒な,に邪魔な,にうっとうしい に腹の立つ
を表彰しました,を賞しました
を渡す,を処方する,を患者に出して服用を指示する,を調剤する
応援と,励ましと,激励と
を持つ,を感じさせる,を秘めた,を秘める,を隠し持つ,を潜めた を内在する
を思いっきり走る,を駆け巡る,をひたすら走る をダッシュする,を疾走する,を疾駆する
もちろん,勿論,無論 言うまでもなく
がある,が感じられる,が漂う,が匂う
をとても,を非常に,をものすごく,を大いに,を絶大に を絶対的に
さえもためらう,さえも尻込みする さえも躊躇する
の寝起きが,の目覚めが
を閉じ を閉じて,をつぶり をつむり
を見学,を訪問,を視察
にもひそかに,にもひっそりと にも秘密で,にも内密に,にも秘密裏に,にも極秘に
ひととおりの,一連の,全行程の,ひとつながりの
は厚い,は絶大だ は絶対だ,は絶対的だ,は甚大だ
栽培して,取って,採集して,採取して
が一杯,がびっしり がたくさん,がぎっしり がいっぱい,が隙間なく,が切れ目なく
発表,提示,明示,開示
なしがらみが,な摩擦が,な軋轢が
も常駐して,も駐在して も常勤して
ながらさっと ながら素早く ながらすばやく,ながら手早く
を表す,を意味する,を示す
かは疑わしい,かは怪しい,かは疑問だ,かは疑いの余地がある
地道な こつこつとした,着実な,堅実な
気持ち良く,気持ちよく,すんなり 快く
全ての すべての,一連の ひととおりの
今では,現在では,現在は,現在,今となっては,今や
を残して,を描いて をひいて,を作って
で荒れる で暴れる,で荒む 乱暴になる
か面白くて,か愉快で か面白おかしくて,かユニークで,か滑稽で,かユーモラスで
でございましたので付け加えさ,でございましたので追加さ,でございましたので補足さ
少し高い,小高い,やや隆起した
は嬉しい,は喜ぶべき は好ましい,は喜ばしい
で表す,で示す,で表示する,で明記する
こめかみの,目尻の辺りの
少々 少し,わずかに,いささか
に移った,に移籍,に転籍
て身元の,て素性の
にたくさん,にぎっしりと,にびっしりと,に繁々と に隙間なく
に移る,に移籍
良くない状態を,苦戦を,低迷を
閲覧の,閲読の
ながらさっと,ながら素早く,ながら手早く,ながら手際よく
を書いて を書き,をひき
めでたく,おめでたく,喜ばしく
も大きな,も壮大な,も雄大な
を信仰する を信じる,を信心する,を崇拝する
辛い,つらい,苦しい,厳しい しんどい
全ての名称,の総称
の見学の,の訪問の,の視察の
が表れ が見られ,が表に出て,が表面化し が出現し,が表面化
を丸ごと,をそのまま,を全て
を広げる,を拡大する,を拡張する,を拡充する
そのまま,丸ごと,全部,丸々
は悔し,は腹立たし,は苦々し は苛立たし
を馬鹿な,をばかな,を愚かな,を無能な,を浅はかな,を愚鈍な
おかしいです,普通ではないです,異常です,異様です,尋常ではないです,異例です
ないと知能の ないと知力の,ないと知恵の
とにかく,何しろ,何と言っても,ともかく
が濃いのに,が味が濃いのに,が濃厚なのに,が重厚なのに
なりの考え方を なりの考えを,なりの見方を,なりの捉え方を,なりの解釈を
が寂しくなる,が恋しい,が切ない
どうぞ,どうか,何とぞ ぜひとも
は自らを は自分を,は自身を は私を,は己を,は自己を
厳正な,シビアな,厳格な 厳しい
にもろく,に崩れやすく,に脆弱に,に弱く
境内は,敷地内は,寺社の敷地は,寺社内は,神社内は
が賢明です,が賢いです,が利口です がスマートです,が聡明です,が妥当です
の閲覧が,の見ることが,の閲読が
けたたましい,激しい,驚くような高い音で,騒々しい,やかましい
己を 自らを,自己を 自身を,自分を
慎ましくあるように,謙虚に,控えめに
ばかり昨今や,ばかり現在や,ばかり今や
の答弁を,の回答を,の返答を,の答えを
がびっしりと,が整然と,がずらりと が隙間なく,が数多く,がたくさん,がいくつも,がずらずらと,が勢ぞろいで
の身元が,の素性が,の身上が,の住所・氏名が,の正体が,の身分が,の実態が
に見てとれる。,に表れる,に示される,に見える,に明白になる。,に表に出る,に反映される,に表面化する,に具現化する
の職務を の役目を,の任務を,の仕事を,の役割を,の役務を の業務を
に崩壊が,に崩落が,に決壊が,に破壊が,に崩れが
なんだかんだ言って,そもそも,しょせん,結局,詰まる所は,どうせ
はさほど,はそれほど,はあまり,はたいして,はそんなに
に勝る,に打ち勝つ,に優れている に取って代わる,に勝つ
の幹部です,の基幹人員です,の上層部です,の管理職です,の重役です
綿密の,詳細な,緻密の,細密の,詳細の
に勝る,に優れる,に取って代わる,に打ち勝つ に勝てる,に勝つ
を許した を承諾した,を了承した を承知した,を容認した
あたかも,まるで
が常駐し,が常勤し,常に待機し,が常時滞在し が駐在し,が常務し
スローな ゆっくりした,スローテンポの,緩やかな 穏やかな,なだらかな
は濃厚な,は濃い はこってりした はまったりした,は芳醇な,は濃密な,は重厚な
が議論さ,が論議さ,が審議さ,が討論さ が討議さ
て感染,ウィルスに侵される,病気になる,て伝染,て染る
でほどよく でキツネ色に,できつね色に,でこんがり,で焼き目が付くまで
でつまんで,で掴んで,で持って で挟んで,でつかん でつまみとって
に輝かしい,に華々しい,に栄光の に素晴らしい
を視察,を調査,を観察 を見学
は謙虚に,はつつましやかに,は慎ましやかに,は控えめに
濃厚な,パワフルな,豊かな 濃密な,中身の濃い,エネルギッシュな,厚みのある
の境内には,の寺内には,の寺の敷地には の敷地には,の寺社内には,の構内には
ほどの貧弱な,ほどのささやかな,ほどの少ない,ほどの乏しい,ほどの弱い,ほどの少しの
ほど華々しい,ほど輝かしい,ほど素晴らしい,ほど栄光の
に丁重に,に丁寧に,に折り目正しく
を装って,を決め込んで,を見せかけて を演じて,を偽装し
は結構 はかなり,は少々 はいささか,はまあまあ,は少し
が河原に,が河川敷に,が川原に が川べりに,が河原沿いに
の弱々しい,の弱弱しい,の情けない,の惨めな,の哀れみを誘う
て久しい,てかなりの時間が経っている。,て長い時間が経つ,てだいぶたつ,て長い,て長くなる
真面目な,厳格な,厳しい,堅物な 厳正な,シビアな
をつぶって,を背けて,を覆って,を閉じて をふせて
にコーディネートし,に合わせて,にあしらって,に追加して
をびっしり,をぎっしり を隙間なく,をぎっちり,をたくさん,をいくつも,を無数に
に欠かす,に欠く,になくす に除く,に外す,に取り除く,にやめる
だけ審議した,だけ論議した,だけ議論した,だけ討議した,だけ討論した,だけ話し合いをした
低迷から 停滞から,低空飛行から,伸び悩みから,苦戦から 悪い状態から
て複雑に,てややこしく,てこんがらがることに,て厄介に て面倒に,て込み入って煩わしく,て面倒くさく
に平らで に平坦で
の役員に,の要人に の幹部に,の管理職に,の上層部に,の重役に
民衆だけが,一般市民だけが,大衆だけが,国民だけが,民だけが,人々だけが
は何度も,は頻繁に は時々,はしばしば は結構 は度々
地道な,地味な,堅実な,華やかでない,着実な 真面目な
は物凄い,はすさまじい,はものすごい は素晴らしい ものすごい。,はすごい,はすばらしい。
だから豪華な,だから盛大な,だから豪勢な だから立派な,だから大規模な
は丁重に,は丁寧に
が綿密に が事細かに,が細かに,が緻密に が丁寧に が細やかに,が丹念に
では警戒を では警戒心を,では注意を,では警備を,では監視を,では警固を
もコツコツと,も地道な,も着実な も堅実な,も真面目な も一歩一歩堅実な,も粘り強い も実直な
カサカサも,かさかさも,がさがさも,荒れも,肌荒れも,悪化した状態も
の気持ちは,の心のうちは,の心の中は,の心中は,の胸中は,の心持ちは,の心情は,の精神は
運転して,操作して 動かして,操縦して,コントロールして,操縦桿を握って,制御して
典型的な 目立った,際立った,明らかな特徴の,ひときわ目立つ,顕著な,明瞭な
も衰えて も弱くなって,も侵されて,も悪い状態になって,も弱体化して,も後退して,も衰退して,もおかしくなって,も病んで,も壊れて
がむなしく,がからっぽに,が空虚に,が虚ろに,が空疎に
きれいな,聞こえのいい,綺麗な,清く正しそう,美辞麗句な 清らかな,清いな,清廉とした
に壊れやすい,にもろい,に繊細な に割れやすい,にすぐ崩れる,に弱い,に崩れやすい,に脆弱だ に脆弱な
何とか,どうにか,ギリギリ 何とかして なんとかして,どうにかこうにか やっとのことで 辛うじて,やっとこさ ようやく
仕事を,業務を 役目を,任務を 役割を,職務を,役務を,責務を,職分を
への小さな,へのささやかな,へのわずかな,への控えめな,へのつつましやかな
種類も,バリエーションも,パターンも
今や,今では,現在では 今となっては,現在は 今日では,もはや
も裁判を聞きに も裁判を聴きに,も傍聴に,も聞きに
を表して,を体現して,を示して を表現して が現れて
を議論して を話し合いして,を話し合って,を討論して,を論議して,を言い合って を討議して,を審議して
をはっきり示さ,はっきりと書か,はっきりと示さ,を明記さ を明らかにさ,を明確にさ,明確に表さ,を明示さ,を明白にさ
を持って,を秘めて を隠し持って が秘められ を隠して,を潜めて,を含んだ状態を保って
もよく,も度々,も結構 も何度も,もしばしば,もチョイチョイ もたまに,も頻繁に,もまま
順に 順番に,順を追って,順々に,順次
の見極めは,の判別は,の判断は,の判定は
は丁寧に,は丁重に,は手厚く
地道な コツコツと,着実な,たゆまぬ,真面目な 堅実な,地に足の着いた,粘り強い
は笑って は微笑んで はにっこりして,はにこにこして,はニコっと,は笑みを浮かべて,はほほえみを顔に表して
の応援に,の励ましに,の後押しに の激励に
の滑らかな,のスムースな,のスムーズな のすべりの良い,の引っ掛かりの無い
こめかみが,目尻の辺りが,頭が,目と耳の間のあたりが
が待ちきれな が待ちきれなさ,が早く来てほし が待ち遠し
いかにも,まさしく まさに
の栽培が,の生産が,の育成が,の農業が,の生育が
を振り返る,をたどる,をさかのぼる,をなぞる,を見る,を巡る を順に見る
少々,少し,かなり,少しばかり,結構,いささか,僅かばかり
育て方は,育成は 栽培は,作り方は
も品質のよい,も質の良い,も上質な も質の高い,も良質な,も高い品質な,も高品質な も上等な,も品質が良い状態の
できつね色になるまで でこんがり,で焼き目が付くまで,でほどよく,で焼き色が付くまで
で強く出ている,の浮き彫りになっている,の顕著になっている,の色濃くなっている,の濃厚になっている,の濃密になっている,の顕著にみられる状態になっている
輝かしく,華やかに 華々しく,はでに,華麗に
の種類が,のバリエーションが,のパターンが
が困ったところ,が問題,が欠点 が弱点 がだめなところ が問題点,が難点 がウィークポイント,が短所
信じる 信仰する,信心する
すべって,滑らかに動いて,スリップして
大きな,壮大な,広大な,スケールの大きな,雄大な,壮観な
の確認は,の閲覧は,を見ることは,の閲読は
標語の キャッチコピーの,キャッチフレーズの,宣伝文句の
に関する資料や,に関する書物や,に関する文献や に関する文書や,に関する文章や,に関する文物や
が大切ですよ,が重要ですよ,が大事ですよ,が肝心ですよ,が不可欠ですよ,が肝要ですよ,が肝ですよ
正しい,かしこい,適切な 賢い,賢く正しい,賢明な,聡明な
疑わしくも,怪しくも,疑問があるように 怪しも,疑いの余地があるよう,信じられないよう,不審に,いぶかしも
による応援もございました による激励もございました,による励ましもございました
が荒々しい,が荒っぽい,が荒れる,が荒む,がささくれる
は乏しきかな はひっそりしている,は少なきかな,は弱弱しいかな,は貧しきかな
表れる,出てくる,表面化する,出現する 示される,顕著な 顕在化する,具現化する
になんとか,に何とか,にどうにか,に辛うじて,にやっと,にギリギリで,にやっとのことで,にやっとこさ
は少し高い は小高い,は少し盛り上がった,はやや隆起した
気持ちが良い 気持ちの良い,気持ちいい,気持ちのいい,心地よい,快適な
の判定を,のジャッジを,の判断を の審判を,の裁定を
ある,が感じられる,漂う,あふれる,溢れる,匂わす,満ちる
ずにためらって,ずに躊躇して ずに迷って,ずに尻込みして,ずに逡巡して ずにしり込みして,ずにぐじぐじして,ずに渋って
でにこっとする,で笑う でにっこりする,でにこにこする,で微笑む,で微笑を表出する
病気になって,病気で,体調の悪さ,病に倒れて,病んで
考えでは,理解では,見方では 捉え方では,解釈では,見解では
も丁寧な,も丁重な,丁寧に対応するような
なんだか,どうにも どうしても
が待ち遠しかった,が待ちきれなかった,が待ち焦がれた,が待ち望んだ が待ち焦がれていた
もろくて,をすぐに流して,が流れやすくて,腺が弱くて
ぼうぼうの,すさまじき
を断固として,を頑として,を確固として,を毅然として をなんとしても頑として
なんとか 何とか,辛くも,辛うじて,何とかして
の妊娠して,の子供を宿して,の懐妊して
はいまや,は今や,はもう,はもはや
は戸惑った,は困惑した,は当惑した
妥協した,譲歩した,落ちどころを探って納得した
にいっぱいに にずらっと,に一堂に,にずらりと にたくさん,にぎっしりと,にびっしりと,にずらずらと,に所狭しと,に勢ぞろいで
がどうにも,がどうしようもなく がどうしても,が何とも
免除などの,考慮して除外することなどの 免責などの,義務を果たさなくてよいよう許可を出すことなどの
の元気づける,の応援の,の励ましの,の激励の
どうにも,どうしても,いかにも
が楽しみに,が待ち遠しく,が早く来てほしく,が待ちきれなく,が恋しく
どうぞ,どうか,何とぞ,何とか ぜひとも
な資料や,な書物や,な文書や,な書籍や,な文献や,な文物や
高級車から,外車から,リムジンから,大型高級車から
しばらく,長い間 長く,長い事,久しく 長らく,随分
注意を,用心を,警戒を,警戒心を
弱く,もろく,壊れやすく,はかなく,脆弱で
笑いを,微笑みを ほほえみを,笑みを,微笑を
強く,激しく,強烈に,痛烈に,鮮烈に,強いインパクトを持って
は触れ合いを,はふれあいを,はスキンシップを,は肌の触れ合いを,は接触を,はコミュニケーションを,はコンタクトを
引き金を,引き鉄を
に話し合いをした に話あった,に議論した,に論議した に討議した,に審議した
の激しい暑さの,のうだるような暑さの,の厳しい暑さの,の猛烈な暑さの,の猛暑の,の酷暑の
に移動の,に異動の,に移籍の
平らである,平坦である
の資金提供を,の融資を,の貸付を の投資を,の資金の融通を
ふつうな 普通な,一般的な,ありきたりな,まともな,真面目な 真っ当な まっとうな,常識的な
を装って,を真似て,を演じて
内心は 心の中は,気持ちは 気分は,胸中は,心のうちは,心情は 心中は,心持ちは
にも合って,にもマッチして にも一致して,にもぴったり一致して,にも合致して
は何しろ,は何せ,はなんといっても,はなんにせよ,は何はともあれ
と協力する,と連携する,と提携する,と連帯する,と連動する
に勝る,に上回る,に勝つ,に引けを取らない,に優れる,に有利な
などを出さ,などを処方さ,などを出されて服用を指示さ などをほどこさ,などを調剤さ
により分けら,により割り当てら,により分配さ により配分さ,により配当さ
の種類が,のバリエーションが,のパターンが
は妊娠する,は子供を授かる,は懐妊する,ははらむする
でひた走る,でダッシュする,で疾走する,で突進する,で疾駆する
あいにくの,残念ながら,残念な,折悪しく
運命の,宿命の,逃れられない運命の
ゆっくりと,なだらかに,穏やかに,緩やかに
ほどの素晴らしい,ほどの生き生きとした,ほどのきらきらとした ほどの輝かしい,ほどの華々しい
面白い,楽しい,愉快な,ユーモラスな,滑稽な,面白味のあるような
物に,物体に ものに,物質に
は崩れて,は壊れて,はぐちゃぐちゃになって,は荒れて,は乱れて,は不安定になって
すぐに,できるだけ早く,素早く,手早く,迅速に
も死去し,も亡くなりし,も他界し,も逝去し
が楽しみで,が待ち遠しくて,が待ちきれなくて が待ちきれず,が待ち焦がれて
走って,勢いよく走行して,疾走して,疾駆して
と香ばしく,と芳しく,と焼ける香りが良く
と香ばしく,と香りよく,といいにおいで,とおいしそうに,と芳ばしく,とこんがりと,とこんがり,と美味しそうに
の借金の支払いが の返還が,の返済が,の返金が を金を返すことが,を返すのが,の支払いが
摩擦が,反感が 反発が,影響が
ツルツルって,ツルツルしているって,滑らかって,つるつるって
にすぐに,に早く に速やかに,にスムーズに,にサッと,に素早く,にさっと,にあっという間に
をバラバラにするのに,を壊すことに,の離散に,の破滅に,の壊滅に,の崩壊に,の破壊に
は全部,はみんな,は概して,は全て,は全体的に,はだいたい,は概ね,は一般に,はほぼ全て,は総じて
はだらけて来る,は乱暴になってくる,は崩れて来る,はふざけて来る,は乱れて来る,は雑になってくる,は荒れて来る
で正しい,で頭のいい,でより良い,で適切な,で頭の良い で賢明な,で賢い
も恐ろしくすると,も厳しくすると,も険しくすると,も強ばらせると,もいかつくすると も怖くすると,も厳つくすると
控えめでもある,低姿勢でもある,控え目でもある,謙虚でもある
てしばらくの,て懐かしい,て時間が経った,て時間のたった,てしばらくたった,て懐かしの,て久しぶりの,て長い間会っていない,て久しい
を除く,をないがしろにする,を外す を軽視する,を欠かす,を無視する,を無くす,をなくす,を無しに考える
で素早く走る,で素早くはしる,で疾走する,で速く走る,で走る,でダッシュする
捕まえた,採集された,捕らえられた,取らされた,入手された,捕まった,採られた,採取された,取って調査された,捕まえられた,収集された
に固まりつつ,に落ちつきつつ,に決まりつつ,に落ち着きつつ,にはまりつつ,になりつつ
培植も,栽培も,育てることも,育てるのも,栽植も,育成も
の栽培が,の生産が,の育成が,を育てるのが,の栽植が,の培植が
当然,無論 言うまでもなく,絶対に,もちろん,勿論 確実に
心の中では,心底,心の中で,内心,心中
が義務,が運命,が宿命
感染をされている,伝染をされている
を気遣いに を元気付けに を励ましに,を慰めに,を勇気づけに,を応援しに
高級車に,車が リムジンが,自動車が,長い車に
は狭くに,はシリアスに,は窮屈に,は厳格に,は厳しくに は堅苦しくに,は視野を狭くに
解釈に,考えに,読み方に,人の考えに,理解に
は合えば,ははまれば,は決まれば,は一致すれば は作用すれば,はいけば,は当たれば
謳い文句を,うたい文句を,宣伝文句を,標語を,キャッチフレーズを,気を引く言葉を
を用いながら,を使用しながら,を参照しながら,を引用しながら,を参考にしながら を引き合いに出しながら を使いながら,を利用しながら
を素直に,を真摯に,を謙虚に,を謹んで,を控えめに,をおとなしく
が繰り返しも,が度々も が何回も,がたくさん,が幾度も,が何度も
の判断は,の裁定は,の判定は,の決定は,の考えは,の決断は
としていい感じになっている,として十分成長している,として成長している,として熟している,として成熟している
物は,ものは,物体は
色々な点で,色々と,何かと
広くされた,広がった,大きくなった,大きくされた,広くなった,拡大された,広げられた,拡張された,規模をおおきくされた
が気不味い,が落ち着かない,が気まずい,が気分の悪い,が居心地がわるい,が嫌な,が良くない,が苦しい,が居心地が悪い
はにこっと,はニコニコ,はニンマリ,はにっこり,は嬉しそうに,はうれしそうに
に引きづられてはいけないと,に影響されてはいけないと,にとらわれてはいけないと に流されてはいけないと,に巻き込まれてはいけないと,に嵌ってはいけないと,にはまってはいけないと,に乗せられてはいけないと
はもう,は既に,はもはや,はすでに
融資は,貸し出すのは,投資は,お金を貸すことは,資金を貸すのは,出資は,貸すのは,金の貸し出しは
は秘密裏に,は内緒で,はひっそり,はひそかに,は心の中で,はこっそりに は内心に,は人知れず は静かに,は密かに
に謙虚に,に真摯に,に控えめに,に素直に
に発達していた に熟していた,に成長していた,に育っていた,に成熟していた
純粋な,きれいな,清楚な 綺麗な,心が綺麗な 美しい,清い,清らかな,汚れの無い,すてきな
戸惑っている,混迷している,困っている,当惑している 迷っている,混乱している,おどおどしている,困惑している
も見学をして,も目で見て確認して,も視察をして,も訪問をして,も実地を見ることをして,も査察をして,も監査をして,も確認をして
してやめた,して撤退した,して退いた,して諦めた,して辞めた,して退却した
を宿す,を持っている,がある,を隠している,を持つ,を秘める
までなんとか まで何が何でも,まで是非,までどうか,まで何とぞ,まで是非とも,までどうぞ
は崩れ,はボサボサで,は荒れ,は散らかり,はぐしゃぐしゃ は整っておらず,はぐしゃぐしゃで,はぼさぼさ,は乱れ
と力を合わせながら,と連絡を取り合いながら,と連携しながら,と協力しながら
を認めた,を了承した,を同意した,を受け入れた,を承知した,を了解した を引き受けた を承諾した,を承認した
がいやに,が面倒くさく,が億劫に,がおっくうに,が面倒に,が気乗りがしなく
になめらかに,にすーっと,に円滑に,に滑らかに,にスムーズに
が不審,が怪し,が疑わし,があやし
も荒廃してきています も乱れてきています,も廃れてきています,も荒んできています,も荒れてきています
いいと,良く,快く,よく,嬉しく
残念ですが,あいにく,運悪く,残念ながら,生憎
が変わっていく,がズレていく,が違っていく,が外れていく,が乱れていく
物の,物体の,ものの
孕ませた,子供をつくった 懐妊させた,みごもらせた,新たな命を宿させた,妊娠させた,身ごもらせた
に挑戦し,にチャレンジし,に挑み,に臨み,にと戦い,と勝負し
の清聴,をそばで聴く,の傍聴,の公聴,を聞く,の聴講
が処方した,が出した,が与えた,が調合した
気持ちの良い,快適な,快い,気持ち良い,気持ちいい,気分のよい,心地よい,さわやかな,気持ちのよい
大変,苦しい,つらい,きつい しんどい,辛い,キツい
何が何でも,どうぞ,どうにか,何とぞ,是非,なんとか,どうか 是非とも
十分でない 乏しい 無い,少ない,微々たる,貧弱な,貧しい,ない
と心待ちにしている,と待ちきれない,と待ち遠しい と待てない,と我慢できない,と辛抱できない
の中に,の敷地内に,の境内に
の大きいか,の規模が大きいか,の盛大か,の盛り上がったか,の豪快か,の大規模か,の豪華か
な勤めの,な職務の,な役割の,な任務の,な職業の,な業種の な任務に就いている,な仕事の,な役回りの,な役目の
には免除をされてしまいます,には除外をされてしまいます には控除をされてしまいます,には払わなくて良いとされてしまいます
が低くに,が丁寧に が礼儀正しく,が丁重に
に怪しいと,に疑いがもたれると,に疑惑があると,に疑わしいと,に胡散臭いと に不審だと
が終了した,が消滅した,が無くなった,が消えた
ば溶ける,ば絶える,ば無くなる,ば消える,ばおわる ばなくなる
が内心に,が実は,が静かに,が密かに,が秘密裏に,がひそかに,がひっそりと,がこっそりと,が人知れず
怒ってそうに,腹立たしそうに,怒ったように,怒っていそうに,イライラしてそうに 怒りに満ちてそうに
少し寒くて,肌寒くて,寒くて,ちょっとだけ寒くて
基調を,傾向を,基本を,元の状態を,基準を
はひとつながりの,は一連の,は一続きの
防衛は,守備は,防御は,デフェンスは,守りは,ディフェンスは
たおかしな,たユーモアのある,た可笑しい,たユーモラスな,た面白い,た滑稽な
ちょっと高い,少し高い,高い,小高い
は混迷して,は戸惑って,は困って,は当惑して,は迷って,は混乱して,は困惑して
絶対に,きっぱり,確実に,断固,頑として しっかり,断然,強く,絶対 固く
は車の,は高級車の はリムジンの,は長い車の,は自動車の
れた高い,れた周りよりも高い,れた少し高い,れた小高い
の素性が,の経歴が のうまれが,の情報が,の生い立ちが,の正体が,の身元が,の出身が
かなんかで判定で,かなんかで審判の判断で
難しい 面倒くさい,複雑な,ややこしい
の協議を,の議事を,の議論を,の会議を,の議会を
運悪く,残念だが,不運にも 残念ながら,生憎,あいにく
と妥協する,と歩み寄る,と折り合いをつける とどちらかが譲る,に譲歩する
から随時,から次々,から順に,から一つずつ,から順次,から順番に
壮大な,壮観な,巨大な,広いな,雄大な,広大な,大きいな
でギリギリ,で何とか,で辛うじて でなんとか,でぎりぎり,で紙一重で,でやっとのこと
まで懐妊している,まで妊娠している,まで身篭っている,までお腹に子供がいる までお腹の中に子供がいる
の胸の内は,の内心は,の心の中は,の考えは,の心中は,の気持ちは の思いは,の真意は,の本心は
により割当される,により分配される により分けられる,により配分される,により分担される,により分け与えられる,により配られる
専ら,主として,ほとんど,主に
に配られます に配分されます,に分け与えます に分けられます,にくばられます,に分配されます に分けられる
の呼称,のまとめた呼び方 の大まかな名前,のひっくるめた名前,の総称
いい,美味しそうな,香ばしい,ほどよく焦げた,香りの良い,うまく焦げた,芳ばしい
見張りをしている,見張っている,監視をしている,みはりをしている
美味しい 香ばしい,香りの良い,香りのいい,いい匂いのする,芳ばしい
複雑な,難しい,ややこしい,面倒な,面倒くさい,細かい
は乱れていたけれど,は乱雑になっていたけれど,は崩れていたけれど,は整っていなかったけれど,はぐしゃぐしゃでいたけれど,は荒れていたけれど,はくずれていたけれど
で簡単に で脆くも,でもろくも,であっさりと,であっさり
は専ら,は主として,は主に,はだいたい,は常に,はほとんど,はほぼ
を偽る,をに成りすます,を装う の振りをする,のふりをする,を真似る,の真似をする,をに見せかける
成熟するならばと,成長するならばと,熟すするならばと,発達するならばと,円熟するならばと
重要な,問題の,大事な,肝心の,大切な,最も大事な
一般人が,民衆が,市民が,一般の人々が 人々が,人が,群衆が 一般市民が,民が 大衆が
の書物が,の資料が,の本が,の記録が,の文書が,の文献が,の書籍が,の論文が,の読み物が
は懐妊する,は身籠る,は妊娠する は子供ができる
の不調という,の伸び悩みという,の良くならない状況という,の停滞という,の低迷という,の落ち込みという
の呼称,の総称,のまとめた呼び方,の名前,の呼び名,のひっくるめた名前
正当な,シビアな,厳しめな 手加減のない 厳正な,厳格な,不正の無い,厳重な 厳しい,厳密な
に翻弄されては,にとらわれては,にはまっては,に入っては,にはめられては,に飲み込まれては,に騙されては,に陥っては
見るに耐えなかった,いくじなかった,意気地なしだった,根性なしだった,みじめであった かっこわるかった,情けなかったた,ヘタレだった,惨めだった
を配布して,を分けて を配って,を分配して,を配分して,を与えて
にも美しく見える,にもよく合う,にも合う,にも際立つ,にも鮮やかに見える,にも調和する,にも美しい,にも映える にも栄える,にも引き立つ
はすさまじかった,は早かった,はすごかった,は激しかった,は凄まじかった は驚異的だった,は勢いがあった,は物凄かった
の記録だ,の資料だ,の文献だ の文書だ の読み物だ,の書物だ
協議の,議論の,会議の,議事の,議会の
すべてで,丸ごとで,全部で,全てで,丸々で
と強くお願いする,と懇願する,と哀願する,と依頼する,と頼む,と切願する と嘆願する,とお願いする
まさに,これぞ これこそ,正に,いかにも
物は,ものは,物体は
が崩れでもする,が壊滅でもする,が壊れでもする,が崩壊でもする
に配布しよう,に分割しよう,に配分しよう に分けしよう,に割当しよう,に分配しよう
残念な,惨めな,くやしい,不甲斐ない,情けない
は概して,は多くが,はだいたい はみんな,は大抵,は一般的に,は全体的に,は全般的に,はほとんど,は総じて
言い答えの,答弁の,受け答えの
に所属変更か,に移籍か に異動か に移るのか
た一続きの,た一連の,たひとつながりの,た流れの
説明,明示
も壊れるの,も崩落の,も崩壊の,も終わりの,も崩れるの,も倒壊の,も壊滅の,もダメになるの
だけ大きな,だけ豪快な だけ華やかな,だけ大掛かりな だけ盛大な だけ派手な,だけ大規模な,だけ豪華な,だけ大々的な
本当に,断固,完全に,強く,頑なに,絶対に,固く しっかり,絶対,必ず
と自分のことを言う,と名乗る,と自称する,と名前を言う
に秘めている,に宿している,に隠している,に内在している,に実は持っている,に持っている
ドラマチックな,驚きの,劇的な,ドラマティックな,感動的
において明白である,において顕著である,において歴然である,において明らかである,において明瞭である において明確である
手段もなく,すべもなく 手法もなく,方法もなく
を調合してくれる,を処方してくれる,を出してくれる
をダッシュする,を駆け抜ける を疾走する,を速く走る,を走る を爆走する
を入念に,を綿密に を細密に,を緻密に,を周到に,を精密に,を細かく,を細かに,を徹底的に,を丹念に,を事細かに,を念入りに,を詳しく,を詳細に
が表れる,が見える,が出る,が浮かび上がる,が出てくる が映る,がにじみ出る
良くないところが,悪点が,弱みが,弱点が,鬼門が,難しい点が,難点が 欠点が,短所が,難しいところが
には物体は,には物は,にはものは
もいいにおいがして,も香り高くて,も芳ばしくて,も香ばしくて,も香りが良くて,もいい香りがして
の基調は,の基本は,の要点は,の考えは,の基本の考えは,の基本的な考えは,の考え方は
の低迷は,の減少は,の縮小は,の伸び悩みは
平坦な,平たい,平な,平らな,フラットな
を拡大し,を拡張し,を充実し,を増強し,を拡充し
を瞑って,目を閉じて をつぶって,をつむって,を閉じて
ずにチャレンジしている ずに挑戦している,ずに勝負している,ずに挑んでいる,ずに戦っている
を充実しております,を拡大しております,を拡張しております,を発展しております,を広げしております,を拡充しております
華やかな,大々的な,豪華な,盛大な,豪快な 派手な,大掛かりな,大きな,大仕掛けの,大規模な
寂しいが,むなしいが,大したものでないが,満たされないが,侘しいが,細々としていたが,さびしいが,虚しいが
が補足した,が補完した,がつけた,が付け加えした,が付け足した,が追加解説した
活躍,善戦,健闘,頑張った,良い成果,奮闘,良くやった いい戦い
の呼称,のまとめた呼び方,の総称,のひっくるめた名前,の呼び名
の考えを,の真意を,の内心を,の心中を,の心の中を,の心を,の気持ちを,の本心を,の胸の内を の思いを
は意味の取り方を は考え方を,は考えを,は解釈を は意味を,は意見を,は理解を,は読み方を,は受け取り方を
や川原,や川沿い,は川の周り,や河原,や川の敷地,や河道,や河川敷
うざくて,じゃまで,うざったくて,うっとうしくて,うるさくて,イライラして,邪魔で
がしめる,が占拠する がもつ,が占める,が占有する
厳しく,真剣に,荒々しく,怖く,険しく
で緩めておけば,で弱めておけば で緩くしておけば
が浸透を,が一般化を,が普及を,が定着を
を閉じる,をつぶる,を一瞬閉じる,を瞑る
の川原,の川沿い,の河川敷,の河原,近くの敷地,の河道
厳しいかなあという,大変かなあという,きついかなあという,辛いかなあという,難しいかなあという,苦しいかなあという,キツいかなあという しんどいかなあという
荒い,荒っぽい,危険な 荒々しい,乱暴な,雑な,危ない
は華やかだが,は盛大だが,は豪華だが,はすばらしいが,は輝かしいが,は華々しいが,は立派だが
ピュアな,純粋な,純情な,清らかな,落ち着いた きれいな,綺麗な 清潔な,高潔な,清いな
とにかく,何しろ なんせ,なんにせよ 何にしろ,兎に角
を常に準備させていた,を常駐させていた,を駐在させていた,をいつも居させていた,が常に居た,を駐屯させていた
結局は,しょせん,どうせ,所詮
少し寒く,寒く,肌寒く
が常駐しています,が駐在しています,が常に滞在しています,が常に駐在しています,が滞在しています
上司の,役員の,上層部の 幹部の,偉い人の
ては平に,ては平坦に,ては平たく,ては平らに,てはフラットに,ては滑らかに
現に,現在,今も,本当に,今,実際,実際に 現実に,すでに
に記入された,に表示された,に表記された,に記された,に書かれた,に記述された,に記載された
に欠くが が不十分だが,に劣っているが,が少ないが,に劣るが,に欠けるが,がいまいちだが,に乏しいが
何度も,重ねて,幾度も,何回も
に早く,に機敏に,に迅速に に手早く,に素早く,に手際よく
の浸透の,の定着の の習慣付けの,の普及の
てもどうせ,てもどだい,ても所詮,てもしょせん,ても結局
の生育を,の育成を,の生産を,の栽培を
な間抜けな,な頭の悪い,な馬鹿馬鹿しい,な浅はかな,な阿呆な,な馬鹿な,な愚かな
すでに,よもや,もはや,今や,もう
酷暑と,猛暑と,すごく暑いと,ひどい暑さと,厳しい暑さと,炎天下と
の大々的な,の盛大な,の大掛かりな の大規模な,の大きな,の豪華な
に死去した,に逝去した,に死亡した,に永眠した,に他界した,に息を引き取った,に亡くなった,に死んだ
を抱えている,を隠し持っている を持ち合わせている,を秘めている,を隠している,を持っている
がする,を感じる,漂う
の接触に,が触れることに,の接することに,が当たることに,のぶつかりに,の触れ合いに
を持っていると,を隠していると,があると,を秘めていると
あたかも,まるで,さながら
で視察や で訪問や,で見学や,で試しに見ることや
は配らしない,は配布しない,は配分しない,は配給しない,は分けしない,は分与しない は分配しない
なんせ,とにかく,なにせ 何にせよ,何しろ,なぜなら,兎に角
て移籍も て異動も て所属変更も
立派な,名誉ある,豪華な,優秀な,すばらしい,すごく良い,見事な,華々しい すごい,輝かしい 素晴らしい
しょせん,結局,所詮,どうせ
と手を合わせて,と協力し と連携し,と一緒に行動し,と連絡し合って
ほぼ,主に,ほとんど,専ら,主として
に嫌いに,に煙たく に居心地悪く,に気分が悪く,に嫌な気持ちに,に気まずく,にやりずらく,に気分悪く,に雰囲気が悪く
たコスチュームを,た服装を,た衣服を,た服を,た衣装を
で利口だったと,で合理的だったと,で賢明だったと,で頭脳明晰だったと,で賢かったと,で頭が良かっただったと
が露わになる,が出る,が見られる,が生じる,が表れる,が出現する,が発生する,が出てくる
が素早く,が機敏に,が速く,がすぐに,が早く
小さな,華奢な,小さい,とても小さい,弱々しい,弱い,か細い
跳ねて,荒れて,ぐしゃぐしゃになっ,崩れて 乱れて
のだいたいの内容,の大まかな内容 の主な内容,のおおすじ,の要旨,の概要,の概論,の主要,の大筋,の概観,の内容,の要点
に似合う,に鮮やかに見える,にきれいに見える,に映える,に目立つ,に合う に鮮やかに写る
大きな声で,うるさく,激しく,騒がしく,騒々しく,慌ただしく,けたたましく,甲高く,やかましく
はとても暑い日だった,は酷暑続きだった,は炎天下続きだった,は厳しい暑さだった,は猛暑続きだった,は暑い日だった
が盛大に,が大々的に が大規模に,が賑やかに,が大掛かりに が豪華に,が大きく,が華々しく,が豪快に
を入念に,を隅から隅まで,を念入りに,を丁寧に,を丹念に
を念入りに,を事細かに を入念に,をじっくりと,を丹念に,隅から隅まで,を丁寧に,を注意深く
が難しい点だ,が弱点だ,が難点だ,が欠点だ が短所だ,が厳しい点だ,が残念な点だ が弱みだ
が一致する,が合うする,が合わさる,が調和する,が合体する,が合致する,がマッチする
はしけるけど は波立つけど,は荒れるけど,は激しくなるけど,は乱れるけど
肩に乗せて運ぶと,担ぐと,背負うと
を端緒として,を最初に を手始めに,を始めに,を筆頭に,を始まりに,を先頭に,をはじめとして,を皮切りに
自分自身の,自身の,己の,自分の その人の,自らの,自己の
を全部,をすべて を完全に,を丸ごと,を全て
を採取して,を取って,を収集して,を採集して,を採って,を獲得して
を心を込めて,を詳細に,を入念に,を丁寧に,を詳しく,を丹念に,をしっかりと,を事細かに
いかにも,正に,どう見ても,まさに,見るからに,正しく
姿勢で,構えで,体勢で,位置で
兎に角,なにせ,なんせ とにかく,何しろ,どうやら,何にしろ
を削除する,を取り除く,を除外する,を除く を除去する,を抹消する,を排除する
に金を返すことを,に返すことを,に返金を に返還を,に返済を,に払い戻しを
がすみずみまで,が端から端まで,がぎゅうぎゅうに,がびっしり,がいっぱいに,が隙間なく,がぎっしり
見事な,すてきな,煌びやかな,立派な,良い,よい,すばらしい,輝かしい,素晴らしい,素敵な,華々しい
ローンは,出資は,融資は,貸金は 貸与は,金の貸し出しは,投資は
が願わしい,が希望される,が願いだ,が望ましい,が好ましい
を心に持って,を秘めて,を隠して,を持って,を抱えて,を隠し持って
はもはや,はいまや,は今となっては,はもう,はすでに
も打ち込むと,もはまると,ものめり込むと,も嵌ると,も夢中になる
摘むという,指先で掴むという,指先でとるという,挟んで持つという,つまむという
は警備も は用心も,は警戒も,は注意も
などの弱点が,などの難点が,などの欠点が,などの厳しい点が,などの難しい点が,などの短所が,などの悪い点が
のまとめた呼び方,の呼称,の総称,のひっくるめた名前,の呼び名
実際に,現に,今も 現在も
に記載されておる,に記入されておる,に記されておる,に書かれておる,に記述されておる,に表示されておる
は簡単に,はあっという間に,は苦労なく,はひとたまりもなく,はあっけなく,は容易に はたやすく
への激励が,への応援が,への鼓舞が,への声援が,への励ましが
細い,華奢な,か細い,小さい,弱々しい,細々とした,小さな か弱い,弱い
情けなく,惨めで,頼りなく,力不足で,無様で,不甲斐なく みっともなく
乱れている,波だっている,荒れている,しけている,騒がしくなっている
高級車が,車が,自動車が,長い車が,リムジンが
の返金が,の返還が,の返済が,の金を返すことが,の払い戻しが
にあって,に引きたって,に合い,に鮮やかに見えて,に映えて,に似合い,に鮮やかに映って,に引き立って
表現されている,示されている,出ている,見えている,にじみ出ている,表れている
ずに戦ってほしい ずに勝負してほしい,ずに挑んでほしい ずにチャレンジしてほしい,ずに挑戦してほしい
にかけ盛大に,にかけ大規模に,にかけ豪華に,にかけ派手に,にかけ豪快に,にかけ大々的に,にかけ華々しくに
が惨めだった,が情けなかった,が不甲斐なかった が頼りなかった,目も当てられなかった
が下降をして,が減少をして が低迷をして,が伸び悩みをして
熟した,完成した,成熟した,発展した 達観した,育ちきった 発達した,成長した
だったら辞めしなければならないので,だったら撤退しなければならないので,だったら退散しなければならないので,だったら退かなければならないので,だったら退去しなければならないので,だったら退かしなければならないので
は姿勢を,は体の状態を,は状況を,は体勢を,は現状を,は構えを
と争ってな,ともめてな,と口論になってな,問題になってな,いざこざがあってな,とトラブってな,と喧嘩してな
に明らかでありました,に顕著でありました,に著しいことでありました
は引き金を,はトリガーを
とお願いをしても,とお願いしても,と依頼しても,と懇願しても,と頼みこんでも,と哀願しても,と頼んでも
が待てない,が早く来てほしい,が待ち遠しい,が早くしてほしい,が待ちきれない,が我慢できない,が辛抱できない,が楽しみな
小さい,キツい,小さな,合わない,窮屈な
は大変ですわ,はしんどいですわ,はつらいですわ,は厳しいですわ,は辛いですわ,は難しいですわ,はきついですわ,は疲れますわ,は苦しいですわ はキツいですわ
は絶える,は途切れる,は尽きる,は止まる,は消える,は無くなる,はなくなる,は止む,は途絶える
を添えて,をつけ,を一緒に,と共に,と一緒に,を添え,をいっしょにして
補完させていただきます,補わさせていただきます,付け加えさせていただきます,補足させていただきます,補助させていただきます,つけたさせていただきます,追加説明させていただきます,付け足させていただきます
拡大した,拡張した
みじめっていうか,みっともないっていうか,惨めっていうか,不甲斐ないっていうか,情けないっていうか,哀れっていうか,惨めだていうか
にぐんと,に大きく,にすごく,にとても,にかなり,に非常に,に急に,に大きな
