はほど高い,は盛り上がった,は微妙に高い,は少し高い,はこんもりした,はやや高い,は小高い
にきめ細やかに,に入念に,に丹念に,に丁寧に,に念入りに
きれいな,清純な,清廉な,清らかな,透き通った,澄んできれいな,清々しい
うっとうしい,もやもやした,気分の悪い,嫌な,うざったい
あきらめて,完ぺきではないと思いながら,妥協して,譲歩して,譲って,諦めることに,我慢して
少しずつ,ゆっくり,緩やかに,ゆったりと,徐々に,ゆっくりな
難解な,難問な,面倒くさい,難しい,骨が折れる,ややこしい,煩わしい,こんがらがる
に描写され,に見え隠れして,に見て取れて,に出て,に表れて,に表現されて
の癒やしは,の支えは,の癒しは,の拠り所は,の慰めは
をとめ,をつけ,を付け,をしめ,をはめ
かき乱されながら,混乱しながら,揺らしながら,乱れながら,揺れ動きながら,惑いながら
だってたいして,だってそれほど,だってぜんぜん,だって思ったほど,だってさほどは,だってさほど,だってそんなに
は長い間,は久しく,は最近は
が欠点だ,が問題だ,が難しいところだ,が困りごとだ,が難点だ,が泣き所だ
の出費を,の支払いを,の代金を,の支払を,の支出を
威勢よく活気あふれる感じで,で豪壮に,で豪勢に,で大盛り上がり,で盛大に,でにぎやかに,で大規模に
とても,ぐんと,いっそう,かなり,一段と,ずっと,だいぶ,しっかりと
をじっくりと,を入念に,きめ細やかに,を丁寧に,を丹念に,丁寧に
の応援に,の後押しに,の励ましに,の激励に,の鼓舞に
から撤収しようかと,から帰国しようかと,から撤退しようかと,から引き上げることに,から退くことに,から退散しようかと
ある程度のところで我慢したという,諦めることにしたという,譲歩したという,妥協したという,折れたという,あきらめたという
大がかりな,大々的な,豪勢な,盛大な,荘厳な,盛挙な,豪華な
との交わりを,との近づきを,との触接を,との接点を,との接触を,との触れ合うことを
ディフェンスに,守りに,守備に
確かに,言うまでもなく,無論,当然,もちろん
は知識や能力とは,は知能とは,は才能とは,は知力とは,は能力とは
のいろを,の色彩を,の色や明るさやあざやかさを,のカラーを,の色合いを,のいろどりを,の色調を
の要旨,の大まかな構成,の要約,の要点,の摘要,のまとめ,の概要
ではっきり表すことにした,で表示した,で明示した,で明言した,で現れた,で顕示した,ではっきりと提示した
が正しいか,がよいか,が望ましいか,が好ましいか,がふさわしいか,が良いか
の見解は,の理解は,の考え方は,の解釈は,の受け止めは,の説明は,の捉え方は
も論議する,も討論する,も討議する,も議論する,もディスカッションする,も話し合って検討する
感激的に,劇的に,ドラマチックに,派手に,感動的に
嬉しい,素晴らしい,喜ばしい,うれしい
の運転する,の制御する,の舵を取る,のコントロールする,の操縦する,の操作する
の運命に,の与えられた命に,の宿命に,の宿因に,の逃れられない運命に
を添えて,をつけて,を付けて,を添付して,を添付し,を一緒に
なキャッチフレーズが,な売り言葉が,な売り文句が,なうたい文句が,な宣伝文句が
も滑らか,も円滑,も流暢,もスムーズ,もすらすらと,も軽く,も快調
か気晴らしに,か励ましに,か慰安に,か救いに,か慰めに,元気に,か気休めに
を沢山,をたくさん,を盛大に,を一堂に,を勢ぞろいで,を大量に,をずらりと,を多々,をいっぱい,をいっせいに
定着,浸透,なじんだ,人々に知れ渡った,おなじみ,定番
懐妊してからは,身ごもってからは,子供を宿してからは,子供ができてからは,妊娠してからは,子供を授かってからは
の協議を,の議事を,の議会を,の話し合いを,の会議を,の論議を,の議論を
見張りを,監督を,注意して見守ることを,監視を
は名乗り出て,は自分の名前を,は名告り,は名前を言った,は称して,は名乗って
は詰屈だ,は気が休まらない感じだ,は窮屈だ,は苦痛だ
を焼き目が付く状態になるまで,をじゅーっと,をこんがりと,をしっかりと,をカリカリと
虚しい,あっという間,あっという間な,しょぼい,あっけない,すぐ終わる,ショボい
は色相の,は色とりどりの,は色彩の,はカラフルな,は色の
を順次,を一つずつ,を順番に,を順に,を逐次
が願わしい,がふさわしい,が良い,が望ましい,が懸命である,がよいとされる,が好ましい
の河原でね,の川べりでね,川のほとりでね,川のそばでね,の河川敷でね
で譲歩して,で我慢して,である程度のところで納得して,で妥協して,で手をうって
の目と耳の間のあたりまで,の額の両脇まで,のこめかみまで,の耳のそばまで,のオデコの脇まで,の耳の上まで
総じて,概して,概ね,おしなべて
もぐっと,も大分,も大きく,も一段と,もさらに,もいっそう,も一層,もぐんと
とも退くんで,とも撤収するんで,とも撤退するんで,とも中止するんで,引き上げることにするんで
がめんどうに,がたいへんに,がめんどくさく,がいやで面倒に,が面倒に,がおっくうに,が嫌に
こっそりと,人知れずに,ひっそりと,ひそかに,秘密裏に,そっと
の定めであると,につきもの,のさだめであると,の宿命であると,の運命であると
をつけて,を着けて,を装着し,をはめて,を装着して
擦れを,摩擦を,すれ合いを,すり減りを,こすり合わせを
きっかけにしか,スイッチにしか,呼び水にしか,引き金にしか,トリガーにしか
が籍を移す,が移籍,が籍を移動
笑いを,微笑を,微笑みを,ほほえみを,笑みを
文献や,文物や,文書や,書物や,記録や
の有力者,の筆頭,の代表
ではまじめに,では真面目に,では地に足をつけて,ではコツコツと,では堅実に,では地道に,ではこつこつと
や目尻の周辺に,や目じりの横に,やこめかみに,や目のわきの物をかむと動く場所に
無論,論を待たずして,当たり前だが,もっとも,もちろん,勿論,言うまでもなく,論じる必要もないが
パターンを,変化を,バリエーションを,種類を
からお答えをさ,から説明をさ,から答弁をさ,から返答をさ,から回答をさ
が出さ,が用意された,が処方さ,が調合さ,が調剤さ,が出されて服用の指示さ
な失費が,な支払いが,な支出が,な出費が
しょせん,結局は,結局,どうせ,つまるところ,しょせんは
で消滅した,で消えた,で無くなった,で消失した,姿を消した
に物体が,に固体が,に物質が,に物が
から採取した,から収集した,から採った,から取った,から調査した,から取得した
に解釈をしていっ,に受け取っ,に考え,に理解をしていっ,に読み取りをしていっ
の転換期に,の分岐点に,のターニングポイントに,の変節に,の改変期に,の変化のときに,の移り変わりの時期に
気持ちのいい,気持ちよい,快い,気分のいい,気持ちの良い,心地良い,気持ち良い,気分のよい,清々しい,気持ちのよい
に勝るとも,に負けずとも
として賞状を授与さ,として顕彰さ,として表彰さ,として賞を付与さ
のうたい文句を,のキャッチコピーを,の謳い文句を,の宣伝文,のスローガンを,の標語を,のキャッチフレーズを
なだらかな,ゆっくりとした,穏やかな,緩やかな
病原体の侵入の,伝染の,感染の
のギャラなど,の給料など,の出演料など,のギャランティーなど,の報酬など
の破壊を,の崩壊を,の壊滅を,の破堤を,の崩落を,の破綻を,の崩れを
できちんとに,でまっとうに,でまともに,で普通に,で真面目に,で真っ当に
に担い,に持ち,に持ち上げ,に乗せ,に担ぎ
全体的に,総じて,概して,全般的に,全て
は弱い,は少ない,は乏しい,は十分でない,は感じられない
たいして,あまり,そんなには,それほど,さほど,言うほど,そんなに,気になるほど
どこかしら壊れ,病巣を抱え,病んで
が亡くなる,が天に召された,が死んだ,が逝去した,が死去した,が死亡した,がこの世にいない,が他界した,が人生を終えた,が亡くなった,この世から消えた
も概して,も総じて,もおおむね,も全体的に,も全般的に
の視察を,の見学を,の調査を,の監察を
体格の細い,痩せた,貧弱な,細い,ガリガリの,か弱い,線の細い,弱弱しい,華奢な,か細い
丁寧に,しつこいほど,用心に,入念に,頑丈に,厳重に,しっかりと,念入りに
を追って,をなぞって,をたどって
いささか,少々,少し,わずかばかり
の物質も,の固体も,の物体も,の物も
が疲弊して,を壊して,を蝕んで,が壊れて,をむしばんで,を破壊して,を痛めて,を病んで
への応援も,への励ましも,への激励も
へのきちんとした,への厳重な,への厳格な,への厳密な,への厳粛な,への厳しく目の届いた
こめかみに,目じりの横に
守りで,守備範囲で,守備で,ディフェンスで,防衛で
誰だか,正体は,どこの人間か,素姓は,身許は,身元は,身分は,素性は
冷え込む,心なしか寒い,少し寒い,薄ら寒い,冷たさを感じる,肌寒い,寒い
間をおいてから,躊躇しから,考察してから,ためらってから,困惑してから,考えてから,悩んでから,迷ってから,口ごもってから
を操縦できる,を運転できる,を操作できる,を操れる
の役員の,の上層部の,の重役の,の代表者の,の幹部の
拭って,ふき取って,ふいて,拭いて
として信仰さ,として信心さ,として信奉さ,として拝めら
のパターン,のバリエーション,の種類
は丹念に,はじっくりと,は念入りに,は入念に,はしっかりと,は丁寧に
とは合わない,とは一致しない,とは合致しない
気休めに,救いに,足しに,慰めに
人民に,民に,民衆に,大衆に,皆に,人々に,国民に
千切れやすく,もろく,脆弱で,崩れやすく,壊れやすく,弱く
にした文書の,にした本の,にした文献の,にした書物の,にした書籍の
の議題は,の議論は,の議事は,の論点は,の審議は
が度々も,が幾度も,が頻繁に,が何度も,が何回も,がしばしばも
を携えての,を担いでの,を運んでの
を担ぐ,を背負う,を持ち上げる,を担う,を持つ
は途切れる,はなくなる,はいなくなる,は途絶える,は無くなる,は尽きる,は絶える,は減る
総合的に,全て,総じて,概して,おしなべて,全体的に,全体として
の低迷から,の停滞から,の不調から,の混迷から,の苦戦から,の低調から
の方法が,の道が,の手段が,のすべが,の希望が,のやり方が
は己れを,は自身を,は我を,は自分自身を,は自らを,は自分を,は私を,は自己を
おおまかな,あらましの,あらすじの,要点の,大筋の,概要の,全容の,要旨の,概略の,内容の
の概略は,のまとめは,の要点は,のあらましは,の大筋は,の要旨は,の概要は
を読み返して,を読み進め,をなぞって,をたどって
話し合いをする,討論する,議論する,論議する,討議する,審議する,話し合う
はどうしても,はまったく,はどのようにも,どうやっても,はどうにも
の守りに,の守備に,のディフェンスに
は薄ら冷えた,は冷たさを感じる,は肌寒い,は薄ら寒い,は少し寒い,は寒い,は心なしか寒い
まさしく,あからさまに,どう見ても,いかにも,さも,明らかに,まるで
なぞって,指し進めて,たどって
おかしな,異常な,尋常ではない,普通でない,異様な,変な
も途切れて,も無くなって,も途絶えて,も絶えて,もなくなって
配布する,分配する,配当する,配分する
を広げ,を流し入れ,を敷き,を入れ,をひき,を流し込み
と用心を,と警戒心,と注意を,と用心深さを,と警戒を
傾斜が急に,急に厳しく,急に通りにくく,急に険しく
の栽培に,の植生に,の成長に,の生産に,の生育に,の育成に
リムジンの,高級車の
何となく寒いまでに,薄ら寒いまでに,冷たさを感じるまでに,肌寒いまでに,上着を要するまでに,少し寒いまでに,心なしか寒いまでに
目尻の辺りを,はこめかみを,目じりの横を
ユニークで,ユーモラスで,ユニークな,個性的で,面白くて,面白い,滑稽で,表現豊かな
運んで,背負って,肩に乗せ,担いで,持って
思慮に欠けた,浅はかな,無能な,愚かな,馬鹿な
と立派な成績を残した,と将来有望な結果,と健闘,と頑張った,と奮闘,と活躍
資金の融通はさ,貸付はさ,融資はさ
のリムジンが,の高級車が,の車が
華麗な,華やかな,華々しい,輝かしい,鮮やかな,鮮烈な,派手な
やっとのことで,辛うじて,ギリギリのところで,どうにか,辛くも,苦慮しながら,何とかして,何とか
な格好と,な装いと,なスタイルと,な衣装と,な洋服と,な服装と,なファッションと,なコスチュームと,な衣服と
岐路ですが,転換期ですが,ターニングポイントですが,変動ある時期ですが,分岐点ですが,移り変わりの時期ですが,分かれ道ですが,転機ですが
調和を失う,が荒む,が混乱する,が荒れる,が乱れる,が動乱する
たら邪魔だ,たら目障りである,たらわずらわしい,たらうざったい,たら邪魔になる,たら不快だ,たらうっとうしい
の停滞による,の低迷による,の低下による
よりもおだやかである,よりもなだらかである,よりもゆっくりである,よりも穏やかである,よりも緩やかである
微々たる,ちょっとした,小さな,ささやかな,少しな,わずかな
体勢で,姿勢で
が操縦できる,がコントロールできる,が運転できる,が制御できる,が操作できる,が飛ばせる
賢明な,利口な,聡明な,信頼に足る,賢い
て笑うした,て微笑むした,てニコニコした,てにんまりした,て笑いかけた,てにこにこした,て笑顔を向けた,て笑みを浮かべた,てにっこりした
気持よく,気分よく,快く,あっさりと,気持ちよく,朗らかに,気持ち良く
丹念に,熱心に,入念に,丁寧に,じっくりと,念入りに
に拡大さ,に拡張さ,に拡充さ
とぶつかる,と主張しあう,ともめる,口論になる,と喧嘩する,と喧嘩をする,と争う
返済はして,返納はして,借りた金を返すこと,返して,弁済はして
に付け足しさ,に補填さ,に付け加えさ,に付けたしさ,に補足さ
は体勢を,は姿勢を,は体を
何となく寒い,心なしか寒い,うすら寒い,少し寒い,薄ら寒い,肌寒い,空気が冷たく感じる
を加えて,を持って,を添付して,を添えて,を付けて
で廃止して,で消滅して,で消えて,で消失して
の立派な戦いぶりに,の活躍に,の健闘に,の頑張りに
種類が,パターンが,バリエーションが
憎々しげに,憎々しく,腹立たしく,苦々しく,苛立たしく
全部,丸ごと,何も手を加えずに,丸々,そのまま
を拡張した,を拡充した,を拡大した,を補充した
丁寧な,緻密な,丹念な,細やかな,入念な,綿密な,事細かな,念入りな
まともな,正当な,ちゃんとした,きちんとした,常識的な,まっとうな
実態は,身分は,身元は,身上は,素性は
の上層部が,の役員が,の幹部が,の重役が
な返答を,な答弁を,な回答を,な答えを
膨脹した,拡大した,拡張した,拡充した
の接触を,のやりとりを,のコンタクトを,の関わりを,の接近を,のやり取りを,の連絡を
十分でない,浅い,少ない,乏しい,不足している
に罹った,にかかった,に罹る,に感染,になった,にうつった
に欠く,になくす,に欠かす,無しで済ませる,に外す
に丁寧な,に事細かな,に入念な,に精細な,に綿密な,に細やかな,に緻密な,に丹念な
の閲読を,の開示を,の閲覧を
に秘めて,に留めて,に隠し持って,に隠して,にしまって,におさめて,に潜めて
で拭きながら,で払いながら,で拭いながら
大々的な,際立った,大きな,劇的な,ドラマチックな,目を見張るような,目立った
は健闘を,は良い闘いを,は頑張りを,は立派な戦いぶりを
を装って,を取り繕って,を繕って,を見せ掛けて,を偽って,を偽装して,を見せかけて
て全部,て加工せずにそのまま,てそのまま,て丸々,て丸ごと
の知力が,の知能が,の知恵が,の知性が,の頭脳が
には何かしら,には何分,には色々と,には何かと
控えめな,小さな,ささやかな,少しな,わずかな
知能を,知性を,知識を,知力を,頭脳を
雄大な,壮大な
の報酬は,のギャラは,の給料は,の出演料は
の岐路,の分かれ道,のターニングポイント,の分岐点,の転換期,の移り変わりの時期
は小さな,はほんのわずかな,はささやかな,はたいしたことない,はつつましやかな
わずらわしい,じめじめした,厄介な,不快な,うざったい,嫌な,うっとうしい
の決定をして,のジャッジをして,の裁定をして,の判定をして,の判別をして,の判断をして,の審判をして
も丁寧な,も入念な,も丹念な,も念入りな
何と言っても,なにせ,何しろ,とにかく
に空々しく,にむなしく,に空疎に,に空虚に
に病みつきになって,にのめりこんで,に熱中し,に夢中になっ,にはまって
を全部,をそのまま,をあるがままに,を全て,をすべて,をありのまま,を丸々,を丸ごと,を何から何まで
目立つような,際立った,大きな,顕著な,著しい,目立った
を閉じてね,をつぶってね
を十分に,を目一杯に,をいかんなくに,を思い通りに,を充分に,を存分に
手早く,素早く,さっと,手際よく,すぐに
で拭きながら,で拭いながら
の壊滅によって,の消滅によって,の破滅によって,の崩落によって,の崩壊によって
採取さ,採集さ,とら
現在では,今では,今となっては,昨今は,もはや,今や
が念入りに,が入念に,が丹念に,が熱心に,が丁寧に
弱弱しい,崩れやすい,割れやすい,もろい,弱い
荒れるな,喧嘩になる,決まらない,争うな,一悶着ある,喧嘩をする,もめるな
の理解のしかたに関し,の考え方に関し,の見方に関し,の解釈に関し,の読み取りに関し,の見かたに関し,の釈義に関し
愚劣と,浅はかと,馬鹿と,愚かと,愚鈍と,バカげていると
緩やかにして,緩めて,弛ませて,ゆるくして
拡張し,拡充し,拡大し
ディフェンスと,守備と,守りと
に何回も,に何度も,に幾度も,に複数回も
には時折,には頻繁に,には度々,にはたまに,には時々,には何回も,にはしばしば,には何度も
こんがり,程よく,かりっと,焼き目が付いて,十分,香ばしく,こんがりと
をベースに,を中心に,を基調に,を基本に,を基盤に
は険しい,は難しそうな,は厳しい,は気難しい
のかぐわしい,の焼けた様な良い,の芳しい,のこんがりとした,の匂いが漂う,の香ばしい
荒々しい,激しい,荒っぽい,乱暴に,乱暴な
は鮮烈だった,は強烈だった,は衝撃的だった,は印象的だった,は凄まじいものだった,は激烈だった,は痛烈だった
の立派な戦いを,の健闘を,の良い闘いぶりを,の頑張りを
は冷たさを感じ,は心なしか寒かった,は少し寒かった,は薄ら寒かった,は何となく寒かった,は肌寒かった,は少し寒い
の基盤は,の基本的動向は,の基調は,の基本は,のベースは,の基本的な動きや上下は
でも主に,でもひたすら,でも専ら,でも専門に,でも特に
な返答で,な答弁で,な答えで,な回答で
はけたたましく,はうるさく,は激しく,は騒々しく,は甲高く,はやかましく
まさに,現に,実際に,事実
接触や,すり減りや,擦れあいや,擦れや,擦れ合いや,摩擦や
持って,つかん,指ではさんで,掴んで,つまんで
と監視が,と見張りが,と監督が,と監理が,と警備が,とチェックが
異常な,尋常ではない,普通でない,奇妙な,異様な,不気味な,変な
河原沿い,川の端の水の流れがない部分,河原,河川敷
幾度か,何回か,何度か
おっくうでないし,たいへんでないし,面倒でないし
をこっそり見てから,の様子を見てから,を見てから,を読んでから,をうかがってから,を観察してから
あたかも,さも,まるで
拡充します,拡張します,拡大します
を緩めて,を緩くし,を弛ませ,を緩くして,を楽にし
まじめな,地道な,着実な,こつこつとした,真面目な,ストイックな,堅実な,地味な,コツコツな
はそんなに,はあまり,はさほど,はそれほど,はたいして
表彰さ,賞さ,賞を付与さ,賞状を授与さ
は上手に早く,は手早く,は素早く,は手際よく,はさっと
という派手な,という華々しい,という華やかな,という輝かしい,という素晴らしい
駐在する,常駐する,常務する,常勤する,いつもそこに居る,常にいる
の周知を,の一般化を,の定番化を,の普及を,の浸透を,の広がりを,の定着を
が華麗に,が派手に勢いよく,が華々しく,が華やかに,が輝かしく
が異様に,が異常に,が普通でなく,が変に,が尋常ではなく
を貰い,をこじらせ,を罹りやすい,をうつされ,を患い,をひき
は注目をして,は監視をして,は見守りをして,は監督をして,は注視をして,はチェックをして
はあっけなく,はあっさり,はあっという間で,はあっさりと,はすぐに
に掲載して,に記載して,に表示して,に明記して,書いてある
を語る,を名乗る,を騙る,を称する
は濃厚な,は重厚な,は濃い,はより濃い,は濃密な,は芳醇な
苦々しくもあり,憎々しくもあり,苛立たしくもあり,腹立たしくもあり
理解の仕方を,解釈を,説明を,読み取りを,見かたを,見方を,考え方を
観覧には,参観には,見学には,傍聴には
な出費をすべきでないと,な支出をすべきでないと
が勝る,が勝つ,が上に行く,が上回る,が優先される
キャッチフレーズの,宣伝文句の,標語の,惹句の,キャチコピーの,キャッチコピーの
を飾って,を合わせて,を配置し,をあしらって
なだらかな,穏やかな,角度が鋭くない,緩やかな
空虚に,ぼんやり,空疎に,無為に,空々しく,むなしく
は丁寧にして,は入念にして,は熱心にして,は念入りにして,は丹念にして
からの確固とした,からの毅然とした,からの断然とした,からの断固とした,からの決然とした,からの揺るぎないとした,からのきっぱりとした
任務を,職務を,業務を,職質を,仕事を,役務を
息苦しい,堅苦しい,堅苦しげな,窮屈な,息の詰まるような,気詰まりな,肩身の狭いような,肩身の狭い,気が休まらないような
な馬鹿な,な馬鹿げた,なあさはかな,な未熟な,な愚かな,な浅はかな
には色々な意味で,には色々と,にはなにはともあれ,には何かと,にはいろいろと
哀願する,ひたすらお願いをする,懇願する,お願いする,ただただ願う,懇望する,嘆願する,熱願する
は喜ばしい,は良い,は望ましい,は好ましい,は褒められるべき,は良い結果をもたらす,は理想的な,は願わしい
こっそりと,内密に,忍びやかに,隠れて,ひっそりと,内緒で,ひそかに,秘密裏に,そっとに,誰にも言わず
とほほえむ,と笑顔で,と口角を上げた,と微笑む,とにっこり,と笑った,と笑顔,と頬を緩めた,とスマイル,と微笑んだ
のひとまとまりの名称を,の総称を,の総じた名前を,のまとめた名を,の全般的なものを,の総合的な名称を
からしていかにも,からしてさも,からしてまさしく,からしてまことに,からしてあたかも,からしてやはり,からして見るからに
強烈な暑さと,暑さが厳しくなると,物凄い暑さと,猛暑と,厳しい暑さと,暑くてたまらないと,酷暑と,うだるような暑さと,猛烈な暑さと
して警戒に,して厳戒に,して見回りに,して警備に,して用心に,して警護に,して注意に
の給与じゃ,のファイトマネーじゃ,の稼ぎじゃ,のギャラじゃ,の出演料じゃ,の給料じゃ,の報酬じゃ,の賃金じゃ
をかたる,を名乗る,を称する
実際に,現に,現実に
が気持ちいい,が心地よい,ちょうど良い,が気持ちよい,が快適な,がたまらない,が気持ち良い
気を配り,礼儀正しく,丁重に,大事に,丁寧に,手厚く
実に,誰が見ても,見るからに,いかにも,さも,まことに
その人のことを,素性を,身元を,身分を
と定住の,と住み着きの,と根付きの,と定着の
の概要であります,の要旨であります,の大要であります,の要点をまとめたものであります,の要点であります,のあらすじであります,のおおすじであります,のあらましであります,の概略であります
ので待ちきれないです,ので楽しみです,ので待ち焦がれます,ので待ち遠しいです,ので早く来てほしいです,ので待ち望みます,ので待ちわびます,ので早く見たいです
出費の,費用の,支出の,出金の,歳出の
を患う,を痛める,を害している,を病む,を病に蝕まれる
実に,すっかり,誰が見ても,見るからに,いかにも,さも
がおかしいほどに,が普通と違って,が異常に,が異様に,がおかしげに,が不気味に,が気になるほどに
簡単に,虚しく,あっさりと,あっという間,あっという間に,あっけなく
裁判の見学を,見学を,傍聴を,聴講を,聞くことを,観覧を
よろしければ,ぜひとも,どうぞ,何とぞ,できれば,なんとか,何とか,どうか
かすかな,貧弱な,聞こえるかわからないくらいの,か弱い,ふるえるような,弱弱しい,弱々しい,か細い
が居心地が悪そう,が居づらそう,がバツの悪そう,が肩身の狭いよう,が居辛そう,が居心地の悪そう,が気まずそう,がばつの悪そう,が困ったような
がする,が満ちる,があふれる,が感じられる,が漂う,が伺える,が窺える
に配置されている,についている,に飾ってある,に装飾されている,に配置されてある,にちりばめている,に使用している,にあしらってある
は見るからに,は誰が見ても,はいかにも,はさも,はまったく
の仕事は,の仕事内容は,の業務は,の職務は,の任務は,の役割は
に無くなりつつ,に絶滅しつつ,に喪失しつつ,に消えつつ,に消散しつつ,に滅亡しつつ,に消失しつつ,に消滅しつつ
笑えるようすを,面白みがあるように,面白おかしく,コメディタッチで,おもしろおかしく,ユーモラスに,面白おかしげに,おもしろく,滑稽に,面白く,楽しく
の出生は,の生い立ちは,の経歴は,の身元は,の素性は,の身分は,のことは,の正体は,の出どころは
を十分に,をたくさん,を思い切り,を大胆に,を充分に,を存分に,を目一杯に
おもしろおかしく,ユーモラスに,おもしろそうに,面白味があるように,楽しそうに,コメディ風に,笑えるようすに,滑稽に,可笑しげに
はおかしな,は普通でない,は普通ではない,は様子が異常な,は異様な,は異常な,は信じられない,は不気味な
判断が,判定が,ジャッジが,審判が
弁済は,返済は,返金は,返したのは,返却は
も気持ちがいい,も気持ちいい,も快適だ,も気持ち良い,も心地よい,も快適,も快い
て配分したら,て割当したら,て割り当てしたら,て分けたら,て配ったら,て配慮したら,て配当したら
で絶滅しようとして,で消滅しようとして,で消えようと,で消失しようとして,で喪失しようとして
の定めな,の運命な,の宿命な,の変えられないものな
にもチャレンジする,にも挑む,にも試みる,にも挑戦する,にも立ち向かう
しに上回る,しに勝る
目を見張る,ドラマチックな,すさまじい,劇的な,信じられないような,驚異的な
の運転する,の操縦する,の操作する
ので丸ごと,ので丸々,のでそのまま
賢明です,適切です,賢いです,利口です,正しいです,聡明です
わかりにくい,込み入った,こんがらがるような,面倒くさい,やっかいな,煩雑な,ややこしい
に空虚な気持ちに,にむなしく,に悲しく,に空虚に
に合致した,に合った,に一致した
を筆頭に,を第一番に,をはじめに,を一番手に,を始めに,を最初に,を先頭に,を一番に
も度々,もたびたび,もよく,も時折,も繰り返し,も何度も,もしばしば
は守備で,は守りで,はディフェンスで,は防御で,はまもりで
はひそかに,は陰で,は内緒で,はひっそりと,は裏では,は秘密に,は隠れて,は内心に,はこっそりと,は秘密裏に
人々が,市民が,みんなが,大衆が,民衆が,民が,人民が,国民が
を清浄して,を綺麗にして,を穢れの無いようにして,を清らかにして
してハイクオリティな,して質の高い,して高品質な,して上等な,して良質な,して上質な
の閲読が,の視聴が,の閲覧が
を装う,を演じる,を繕う,を見せかける
を激甚な,を激しい,を強い,を痛烈な,を猛烈な,を強烈な,を強靭な,を力強い
ぜひとも,どうぞ,何とぞ,よろしく,何とか,どうか
承認する,了承する,承服する,引き受ける,受諾する,承諾する,承知する
を承知する,を承認する,を受け入れる,を了解する,を承諾する,を了承する
が奇妙に,が異様に,が普通ではないくらい,が異常に
をなんて浅はかな,をなんて疎かな,をなんて無知な,をなんて馬鹿な,をなんて愚かな
拡大する,拡張する,膨張する
の素性が,の身元が,の身上が
とも協力して,とも連携して,とも連帯して,とも提携して
をつけて,を着けて,をはめて,を付けて,を着用し
なんてしばらく,なんて久しく,なんてずっと,なんて長く,なんて暫く,なんて長い間,なんて長らく
と辛い,とやるせない,と苦しい,と物悲しい,と切ない,と胸の詰まる
強く,ぐんと,ぐっと,ずっと,深く
で妥協したくない,で譲歩したくない
の自分が,の私自身が,の自身が,の己が
が大きく,がけたたましく,がうるさく,が激しく,が騒々しく,が甲高く,がやかましく
な色による,な色合いによる,な色彩による,な色調による,なカラーによる,な彩りによる
な判定が,な裁定が,なジャッジが,な審判が,な判断が
平らな,なだらかな,平坦な,高低差のない
薄ら寒い,冷たく感じる,うすら寒い,肌寒い,少し寒い
を取り除いて,をなくして,を除外して,を除去して,を無くして,を排除して,を排斥して,を除いて
大きく,一気に,抜本的に,がらりと,劇的に,がらっと
の心中には,の胸中には,の内心には,の胸の内には,の脳裏には,の心には
に病気になり,に病気になって,に病んで
をおいて,を添え,を当て
は既に,はよもや,はもはや,はとっくに,はもう,はいまや,は今では,は今や
に対して毅然と,に対してきっぱり,に対して断固,に対して断じて,に対してきっぱりと
のパターンが,のバリエーションが,の種別が,の種類が
顔を観察する,顔を覗き込む,顔をうかがう,様子を探る,顔を見る,顔をこっそりと見る
にも難点は,にも問題は,にも問題点は,にも弱点は,にも欠点は,にも短所は
緻密な,細やかな,入念な,綿密な,精緻な,細かい,丁寧な
守りを,防御を,ディフェンスを,守備を
の宿命を,の運命を,の天命を,の定めを
の概要について,の大要について,の展望について,のあらましについて,の大筋について,の要旨について,の概略について
をもととする,を基調とする,を基礎とする,を基本とする,を基盤とする
の色彩を,の色合わせを,の色を,の色合いを,のト―ンを,の色調を,のカラーリングを
を明示する,を表記する,を明らかする,を提示する,を開示する,を明記する,を明確化する
除外する,排斥する,無視する,敬遠する,排除する
を収集し,を採取し,を採りし,を採集し
みっともなかた,許せない,みじめだった,情けなかった,恥ずかしかった,悲しい,嘆かわしかった
に控えめです,に謙虚です
の覚醒,の寝起き,の起床,の目覚め
を了承して,を承諾して,を承認して,を承知して,を了解して
はしめっていて,は水分を持っっていて,は濡れていて,は水気を含んでいて,はしっとりしていて,は湿度があり,は湿気を帯びていて
を探し求める,をたどる,の跡を追う,を遡る,をなぞる
やや隆起した,少し高い,こんもりとした,小高い
な色彩の,な色合いの,な色の,な色調の
て長い,て長い時間が経つ,て久しい,てずいぶんと経った
に清らかな,にきれいな心の,に清浄な,に清いな,に綺麗な,に清純な,に清廉な
躊躇してから,ためらってから,当惑してから,考えてから
天国へと召された,死去した,亡くなった,逝去した,他界した
素性の,所在の,身元の,素姓の,身上の
つかんで,はさんで,指で持って,掴んで,はさみこんで,つまんで
まで丹念に,まで丁寧に,まで入念に,まで念入りに,まで熱心に,まで細かく
手段も,すべも
が湿気って,がしめって,が水分を持って,が濡れて,が水を含んで,が湿気を帯びて
かを我慢しなくては,かを諦めたりしなくては,かを譲歩しなくては,かをある程度のところで納得しなくては,かを妥協しなくては
も物悲しいし,も心に沁みる,も悲しげだ,も哀愁漂う,も切ないし
の種別,のパターン,のバリエーション,の種類
緩やかだという,穏やかだという,寛大だという
手早く,ささっと,さっと,素早く,すぐに
た物質が,たものが,たモノが,た物体が,た物が
弛緩し,弱め,緩め
に符合しない,に一致しない,に合致しない
の会議討論を,の議事を,の審議を
が荒々しく,が乱雑に,が乱暴に,が雑に,が荒っぽく
現在では,今日では,今では,今となっては,もはや,今や
にはまって,につかまって,にとらわれて,に入って,に巻き込まれ
あいにくの,折悪しく,残念ながら,都合悪く
まで誇れるほど素晴らしい,まですばらしい,まで素晴らしい,まできらびやかな,まで輝かしい,まで華々しい
滑らかな,スムーズな,スベスベな,なめらかな,すべすべな
と健闘を,と良い闘いを,と活躍ぶりを,と頑張りを,と立派な戦いぶりを
何しろ,とにかく,なんといっても,何と言っても,なんせ,いかんせん
に画期的な,にドラマチックな,に大きな,に目立った,に劇的な,に際立った
断固として,毅然として,断然として,きっぱりとして,確固として,頑として,断じて
貸付という,資金の融通という,融資という,援助という
答えは,応答は,回答は,答弁は,受け答えは,返答は
じゃ惨めだ,じゃ頼りない,じゃ情けない,じゃ嘆かわしい,じゃ憐れだ,じゃ恥ずかしい
厳密に,静粛に,厳正に,厳格に,厳しく,厳重に
の一般化と,の認知と,の根付きと,の定着と,の浸透と
は控えめであっても,はほんのわずかであっても,はささやかであっても,はつつましやかであっても,は微々たるものであっても,はわずかであっても
に広大な,に雄大な,に壮大な
を了承した,を承認した,を承諾した,を許諾した,を承知した
嬉しい,喜ばしい,うれしい
とさほど,とそんなに,とそれほど,とたいして
が飛び抜けて,が一気に,が大幅に,が目立って,が際立って,が劇的に,がぐんと
に疾駆する,にダッシュする,に疾走する
覚醒し,開眼し,目覚め,覚醒
について事のあらましを,について大筋を,について概要を,について概略を,について要旨を,についてあらましを,について大まかな内容を
平らな,なだらかな,平坦な
で際立って大きな,で絶対的な,でとても大きな,で絶大な,で大変な
を平坦にし,をなだらかにし,をスムーズにし,を平らにし
主に,専門に,専ら
の破綻に,の決壊に,の崩れに,の崩壊に,の瓦解に
て素早く,て手早く,てささっと,てさっと
何しろ,とにかく,なんといっても,何といっても,何と言っても,なんせ
をたどる,を追う,を進む,を追跡する,をなぞる,を巡る
とのやり取りは,との接点を持つことは,との接触は,との接点は,とのやりとりは,との関わりは,との付き合いは
はつらい,は過酷な,は辛い,は疲れる,はしんどい,は大変な,は苦しい
を躊躇して,をためらって
に死去した,に逝去した,に他界した,に亡くなった
にほほえみが,に微笑が,に笑いが,に微笑みが,に笑みが
を信奉して,を崇拝して,を信心して,を信仰して
まさに,現に,実際に,事実
地道に,まじめに,着実に,真面目に,堅実に,コツコツと
は心地よい,は快い,は気持ちよい,は健やかな
にとって望ましい,にとって好ましい,にとって嬉しい,にとって喜ばしい
運び,持ち,背負い,担ぎ
かを明示します,かを示します,かを明記します,かをはっきり提示,かを明確化します,かを説明します,かを明らかにします
が大量に,が無数に,が隙間なく,がたくさん,がびっしり
心憂い,心苦しい,切ない,辛い,物悲しい,胸の痛む
さながら,あたかも,いわば,まるで
概略,あらまし,概要,要旨,大まかな内容,大筋,大要
に感染の,に伝染の
の川のほとりの,の河川敷の,の河原沿いの,の川原の,の河原の
を示す,を表現する,を表す
平らな,フラットな,平坦な
さながら,あたかも,まるで
アプローチを,やり方を,手法を,接近方法を
がまともな,が正常な,が普通な,がまっとうな
が面倒に,が面倒くさく,面倒で嫌に,が嫌に,がおっくうに
ではもう,ではもはや,では今では,では今となっては,では今や,では現在では
が連帯し,が連携し,が協力し
は主に,はほとんどが,はひたすら,はただただ,は専ら
て素早く,て手早く,てさっと
を監理,をしっかりと見守る,を注視,を監視,を見張る
付け足しさ,補い付けたしさ,付け加えさ,言い足さ,補足さ
の普及,の定着,の周知,の浸透,の根付き
現に,実際に,まさに今
息苦しそうな,きつい,窮屈な,狭小な,余裕のないような,狭苦しい
立派な戦いぶりを,良い闘いを,健闘を,活躍を,活躍ぶりを
が表彰さ,が賞さ,が賞賛さ
に勝る,に上回る,に優れる,に勝っている,に秀でる,に優れている
をたどって,をたぐって,を調べて,を追ってて,を追って,をなぞって
での着実な,でのまじめな,での堅実な,での地道な,での真面目な
現在では,今現在,今では,今となっては,今や,もはや
けたたましく,驚くような高い音で,騒々しく,やかましく,うるさく,激しく,甲高く
肩に乗せて,担いで,背負って
を怠る,を欠かす,を外す,せずにいる
の定めを,の逃れられない運命を,の宿命を,の運命を
と健闘,と立派な成績を残した,と活躍
の宣伝文句は,の標語は,のキャッチコピーは,のキャッチフレーズは,のスローガンは
閲覧を,閲読を
居心地が悪く,よそよそしく,居心地悪く,不仲に,気まずく,気詰まりに
が疲れる,が心苦しい,がつらい,がきつい,が苦しい,が難しい,がしんどい,が辛い,が困難な
だけスムーズに,だけ平滑に,だけ滑らかに
が面倒に,が面倒くさく,が嫌に,がおっくうに
で消してから,で拭いてから,で拭ってから
かで綿密に,かで徹底的に,かで入念に,かで微細に,かで事細かに
難点は,短所は,困りものは,問題は,困難なところは,問題点は
自分を,自己を,己れを,自身を,自らを,我を
しょせん,結局,結局は,どうせ
の香りのいい,の焼けた様な良いにおいの,の香り高い,の芳しい,の香ばしい
無論,言うまでもなく,勿論,当然
ほどきつね色に,ほどキツネ色になるまで,ほど焼き目が付くまで,ほど焼き色が付くまで,ほど程よく,ほどこんがり
は言うまでもないことだ,は勿論だ,はもちろんだ,は無論だ,は当然だ
主に,ひたすら,ほとんど,専ら
てきつね色に,て火が通るまで,て程よくと,て焼き色が付くように,てこんがりと,て焼き目が付くまで
における抵抗の,における摩擦の,における軋轢の,における障害の
の目と耳の間のあたりに,のこめかみに,の目尻の周辺に,の目じりの横に
清いな,きれいな,清浄な,清廉な,清らかな,清々しいな,綺麗な,澄んで美しそうな
な色調と,な彩りと,な色と,な色彩と,な色合いと
自分を,自己を,己れを,自身を,自らを,我を
でも見栄えのする,でも引き立つ,でも見栄えがする,でも映える,でも目を惹く
で処方して,で調剤して,で出して,で薬を出して
などが勢ぞろいで,などが一堂に,などがずらりと,などが数多く,などがたくさん,などがずらっと
主に,ひたすら,ほとんど,専ら
に少し高い,にやや隆起した,に小高い,にこんもりとした,に少し盛り上がった
へしばしば,へ度々,へ理由をつけて,へ色々と,へ何かと,へ事あるごとに,へたびたび,へ頻繁に
が求められると,が好ましいと,が望ましいと,がふさわしいと,が良いと,が理想的と
を自称する,を名乗る,を称する
は微妙な笑みを,は微笑みを,は笑いを,は微笑を,は笑みを
苦しいまでの,痛ましいまでの,痛切なまでの,哀切なまでの,切実なまでの,切ないまでの,悲しいまでの
とも敷地内と,とも神域と,とも寺内と,とも境内と,とも寺社の中と
の閲読,の閲覧
表彰さ,賞さ,賞を授与さ,顕彰さ
で警戒を,で哨戒を,で見張りを,で見守りを,で監視を
に爽やかな,に清らかな,に清々とした風な,に清々しい,に清い,に澄み切って美しい
給料で,ギャラで,出演料で,報酬で,カネで,お金で
にもんで,にして,に揉んで,に病んで
聴講に,聞きに,見届けに,傍聴に,参観に
もめて,ごたついて,争って,言い合って,ごたごたして
肝心な,最も重要な,一番大事な,大切な,肝要な,大事な,重要な
の低調が,の下降が,の苦戦が,の悪い状態が,の低迷が,の伸び悩みが
をあしらえば,を飾れば,を配れば,を合わせれば,を飾りつければ
の全体の名前,の総称,の呼び方,のまとめて言い表した名前,の名称,の全体の呼び方
あいにくの,折悪しく,残念ながら
ほどに快くはないけれど,ほどに気持よくないけれど,ほどに快調でないけれど,ほどに気分よくないけれど,ほどに気持ちよくはないけれど,ほどに嬉しくはないけれど
を増幅する,を伸張する,を拡張する,を拡大する,を広げる,を拡充する
に穏やかな,に緩やかな,になだらかな
を承服さ,を承認さ,を承知さ,を了承さ,を承諾さ
は喜ばしい,は嬉しい,は心浮き立つ,は好ましい,は明るい
順次,だんだん,順々に,順に,順番に
にびっしり,に隙間なく,に数多く,に大量に,にたくさん
をしばり,をつけ,を着け,をしめ,を結び,を着用し
をうかがう,を狙う,を探る
に取り合わせて,に飾って,に配して,にあしらって,に飾りつけて,に配置し
肝心な,大切な,肝要な,大事な,重要な
てにっこりと,てにこやかに,てにんまりと,てにこにこと,てにこっと
引き金を,スイッチを,きっかけを,トリガーを
不審そう,怪しそう,あやしそう,いぶかしげ,疑わしそう,怪訝そう,疑惑を抱いていそう
の小さな,の狭小な,の窮屈な,の狭い,の狭苦しそうな
しきりに,度々,たびたび,よく,何度も,しばしば,時々,常に,頻繁に
手早く,さっと,すぐに,急いで,手際よく,素早く,迅速に
やるせない,心苦しい,切ない,哀切な,切実な,悲しい,苦しい
迅速に,急いで,手早く,素早く,早く,速やかに,とっさに
信仰し,信心し,信じし,崇拝し,信奉し
困惑して,戸惑って,当惑して
見張りの,見守りの,警備の,警戒の
などにも多大な,などにも大きな,などにも絶大な,などにもきわめて大きな,などにもこの上なく大きな,などにも絶対的な,などにも強大な
連なるように,ずらっと,整然と,沢山,ずらりと
大規模な,立派な,盛大な,大きな,豪華な
を名乗り,を口に出し,を伝え,を告げ,を称し,口にし,を称して,を言い
だけ補完さ,だけ補わさ,だけ補足さ,だけ付け足しさ,だけ付け加えさ
明確に,顕著に,明瞭に,顕わに,明らかに,際立つように,明白に
をつけて,を着けて,を装着て,をしめて,を着用し
躊躇してから,迷ってから,ためらってから,言い淀んでから,考えてから
錯綜して,トラブルになって,ごたついて,争って,もめて,トラブって
だけ話し合いして,だけ討論して,だけ論争して,だけ話し合いを,だけ討議して,だけ言い争いして,だけ審議して,だけ議論して,だけ論議して
て信心して,て信じして,て信仰して,て信奉して,て崇拝して
のアプローチが,のボールをピンに近づける方法が,のアプローチショットが
を運びで,を運んで,を担ぎ上げて,を持ち上げて,を担いで,を背負って
は疑問がある,は怪しい,は不審である,は疑わしい
は甚だしいほどの,は驚くほどの,はすさまじいほどの,は猛烈なほどの,はものすごいほどの
につけて,に着けて,にはめて,に付けて,に装着して
ただけのひそやかな,ただけの内密な,ただけのひそかな
強烈な,過激な,強力な,痛烈な,猛烈な,苛烈な,激しい
が駐在する,が常駐する,がいつもいる,が駐留する,が常勤する
何とぞ,どうか,ぜひとも
の快い,の気持ち良い,の心地よい,の気持ちの良い
不便な,息苦しい,窮屈な,肩身の狭いような
にて発射装置の金具の,にて引き金の,にてレバーの
の汎称,の総称,のひとまとまりの名称,の総合的な名称,の総じての名前
芳しく,香り高く,かぐわしく,香りが良く,香ばしく,香り良く
を拭くと,を拭うと
と雄大な,と壮大な
を着けて,をつけて,を着用して,をはめて,を付けて,を装着して
も度々,もたびたび,もよくある,も結構ある,もしばしば,も頻繁
か細い,やせた,華奢な
が挑む,が立ち向かう,が挑戦する
を引き,を閉じ,をしめ
から質の高い,から良質の,から質の良い,から上質の
輝かしい,素晴らしい,すばらしい,華々しい
が理想的との,が好ましいとの,がより良いとの,が望ましいとの
に伝染を,に病気を,に感染を
て強い,て強烈な,て鮮烈な
の知能は,の知識は,の知性は,の知力は
早急な,早い,素早い,迅速な
見張りの,監視の,警戒の,監察の
がぐっと,がぐんと,が際立って,が大きく
が短所,が問題点,が難点,がウィークポイント,が欠点
を遡ると,を調べると,をさかのぼると,を追跡すると,をたどると
さえ面倒に,さえおっくうに,さえ面倒くさいことに
に戸惑って,に困惑して,に当惑して
は気持ちの良い,は気持ちいい,は快い,は気持ちよい,は心地よい
の出演料を,のギャラを,の報酬を
順次,順々に,順に,順番に
色々と,何かと
最も重要な,肝心の,要の
に乏しい,に不足した
丁寧に,丹念に,入念に,念入りに
普通でない,おかしい,異様な,異常な,尋常ではない
の清廉な,の清々しい,の清浄な,の清らかな
て小高い,少し高さのある,少し高い,こんもりとした,やや隆起した
の姿勢に,の体勢に
の栽培に,の育成に,の世話に,の生育に
を丁重に,を丁寧に
も充実さ,も拡張さ,も拡充さ
に死去した,に逝去した,に他界した,に亡くなった
の寝起き,の目覚め
に引き合いに出した,に引用した
と質の良い,と高品質の,質の高い,と良質の,と上質の
論議さ,議論さ,討論さ
の出費,の負担,の支出
似合うと,映えると
なんとも,どうにも,どうしようもなく,まったく
どうぞ,何とぞ,どうか,ぜひとも
をするものの,をする物体の,をする物の,をするモノの,をする物質の
は無しで済ます,は外す,は無くす,は欠く,は欠かす
としめって,としめっぽくて,と湿気て
があいにく,が残念ながら
折悪しく,あいにく,運悪く,残念ながら
控えめに,謙虚に,つつましやかに,慎ましやかに
をこんがりと,をしっかりと
が雑,が荒々しい,が不躾な,が乱暴,が荒っぽい,が乱暴だ
生真面目で,厳かで,真面目で,厳格で,厳しくで
がまともに,が正しく,がきちんとに,がまっすぐに,が上手に
が成熟して,がしっかりして,が成長して,が円熟して,が大人らしくして
業務を,職務を,仕事を
の陥落を,の瓦解を,の破壊を,の崩壊を,の壊滅を,の破綻を,の崩れを
へんてこな,不気味な,異常な,異様な,おかしな
の仕事を,の務めを,の役割を,の職務を,の役目を,の任務を,の業務を
たいへんな,辛い,疲れる,しんどい,つらい
が物悲しく,が苦しく,が胸を締め付けられるように,が胸がしめつけられて,が切なく
知性を,知能を,能力を,知恵を,頭脳を
が肝心な,が大切な,が重要な
敷地から,境内から,寺社内から,寺社の中から,本殿内から
定められた運命の,宿命の,天命の,運命の
が他界した,が死亡した,が死去した,が往生した,が亡くなっした
て疾走して,てダッシュして,て疾駆して
は折悪しく,は残念ながら,はあいにくの
にこにこ,にんまり,にっこり,にこやかに,ニヤッと
くらいの負担なら,くらいの出費なら,くらいの費用なら,くらいのお金なら,くらいのお金を出す額なら
付け足しを,補足する,付加する,付け足しする
回して,緩くして,弛ませて,緩めて,甘くして
心地の悪い,不快な,居づらい,居心地が悪い,気まずい
つぶって,つむって,閉じて
にはまって,に挟まって,に納まって,ぴったりと付いて
も一緒につけて,も添付して,も付けて,も添えて,も用意して,も添加して
を削除して,を敬遠して,を追い出して,を除外して,を排除して,を排斥して
と地道に,とコツコツと,と真面目に
に飾る,に繕う,に扱う,にあしらう,に彩る,に配置する
て高級車を,てリムジンを
として華々しく,として輝かしく,として華麗に,として華やかに
な小さな,な弱々しい,な小さい,なか細い,なかすかな,な消え入りそうな
を聞かせていただく,をうかがう,をきく,を聞く,お聞きする
を妊娠さ,をはらま,に子どもを宿さ
と雄大な,とどこまでも続くかのような,と壮大な
正常な,まともな,真っ当な,普通な
の薄い,の乏しい,のあまり期待できない,の弱い,の十分でない,のあまりない
の強烈な,の強い,の鮮烈な,の強力な
の代表,の巨匠,の一番に名前がある,の筆頭,のトップ
いろんな意味で,色々と,何かと,それなりに
一致して,合致して
方法を,やり方を,手段を,すべを,道筋を
代表格だろう,一番手だろう,代表だろう,筆頭だろう
は浅はかでした,は馬鹿でした,は愚かでした
の雰囲気が,の傾向が,の色彩が,の色合いが
の薬を提案する,を調合して服用を指示する,を処方する
の小さな,のつつましやか,のささやかな,のひそやか
の重役の,の幹部の,の上層部の,の役員の
が賢明です,が利口です,が賢いです,が聡明です
を運転しながら,を操作しながら,を制御しながら,を操縦しながら,を動かしながら
の分かれ目に,の岐路に,の変換時期に,の転換期に,の移り変わりの時期に
の願わしい,の望ましい,の好ましい,の理想的な,の正しい
アプローチが,接触法が,手段が,研究法が
撤退して,辞退して,退去して,撤収して
そのままの形で使用さ,参照さ,引用さ,使用さ
がポイントです,が大切です,が肝心です,が重要です
文書からは,書籍ソースからは,文献からは,書物からは,出版物からは
の滑稽な,の愉快な,のユーモラスな,のユニークな
が常駐して,が常に駐在して
成長して,大人びて,発達して,成熟して
あっけなく,簡単に,あっさりと,あっという間に
頭の良さや,頭脳や,知力や,IQや,知能や
と気分よく,と快く,と気持ちよく,と喜んで,と気前よく
浅はかだ,愚かだ,阿呆だ,まぬけだ,馬鹿だ,馬鹿みたいだ
毅然とした,断固とした,きっぱりとした
は哀願した,は嘆願した,は懇願した,は切願した
の衣装を,の衣服を,のコスチュームを,の服を
荒れて,弱って,痛んで,カサカサして
読み物や,書籍ソースや,書物や,文献や,本や,文書や
は何しろ,はなにしろ,は何といっても,はなんせ
ないかで議論した,ないかで話し合いをした,ないかで討議した,ないかで論議した,ないかで話し合いした
を引き合いに出したりする,を引き合いにする,を引用する
は近寄ることも,は接近も,はアプローチも
華麗に,大々的に,華々しく,派手に,鮮烈に
てからの支出と,てからの出費と,てからの支払と
だから譲歩したくないし,だから妥協したくないし,だから折れることはしたくないし
でつかん,で持って,でつかんで,で挟んで,で掴んで,でつまんで
華麗に,大々的に,華々しく,はなやかに,颯爽と
癒し,慰め,救い,よりどころ
のきゃしゃな,のやせた,のスリムな,の細い,のか細い,の華奢な
を栽培,を生育する,を育てる
いささか,ちょっと,いくばくか,少し,少々
実際に,事実上,現に,現実に
が絶えて,が途絶えて,が無くなって,が滅びて
にも一致する,にも合致する
は手早く,は素早く,は迅速に,はサッと,はすばやく
をはさむ,を取る,を挟む,をつかむ,をつまむ
頭の横の,こめかみの,目尻の近くの,目じりの横の
の総称,の名称
勿論,言うまでもなく,無論,当然,もちろん
はあやしいという,は疑わしいという,は怪しいという,は不確かだという,は信じないという,は疑問だ
大衆の,民衆の,国民の,国の民の,世間の
雄大な,壮大な,巨大な,広大な
で儚くも,であっけなくも,でもろくも
とした目覚めを,とした起床を,とした覚醒を
を引用して,を引き合いにして
原因に,きっかけに,引き金に,発端に
な姿勢にして,な体勢にして,な体の向きにして,なポーズにして
拡充します,拡張します,拡大します
で整然と,でずらっと,で勢ぞろいで,で勢ぞろいして,でずらりと
平坦では,穏やかでは,平らでは,楽では
も消失して,も霧散して,も消滅して,もなくなって
切り立った,急こう配な,険し
の答えの,の受け答えの,の回答の,の答弁の,の返答の
着飾って,装って
を何とか,をギリギリ,をなんとか,をぎりぎりで,を辛うじて,をやっとのことで
利口である,無難である,間違いないのである,賢明である
が迅速に,が俊敏に,が即座に,が手早く,がさっと,が素早く
は険しい,は厳しい,は大変,は難しい,は楽ではない
人の,人々の,大衆の,民衆の,国民の
今では,今や,現在,現在では
成熟した,熟成した,円熟した,老熟した,完熟した,熟達した
目尻の辺り,目のわき,目じりの横の窪み,額の横,こめかみ
のこってりな,の味の濃い,の密度が高い,の重厚な,の濃厚な,の濃い
承認する,了解する,聞き入れる,了承する,応じる,承諾する,認める,受け入れる
に目立つ,に見栄えのする,に際立つ,に栄える,に映える,に引き立つ
の日焼けした,の日に焼けた,のこんがり,の色黒
と一致するから,と時期が合うから,と合致するから,と合うするから,と符合するから
微笑みが,微笑が,笑いが,笑みが,うすら笑いが
を躊躇している,を尻込みしている,を躊躇する,をためらっている
は大して,はそれほど,はさほど,はたいして,はそんなに,は言うまでは
として会議しても,として話し合いをしても,として討論しても,として話し合いしても,として論議しても,として検討しても,として議論しても
をキャッチフレーズに,を合言葉に,をスローガンに,を謳い文句に,を標語に,を宣伝文句に
寂しい,空虚な,むなしい,悲しい,かなしい
盛り上がった,こんもりとした,少し高い,やや隆起した,一段高い,小高い
がとても大きな,が膨大な,が多くの,がすごい,が絶対的な,が大いにな,が強大な,が熱狂的な,が多大な,が絶大な,が極大な
排除する,取り去る,無くす,取り除く,回避する,除去する,除外する,無くすようにする
に挑戦する,にチャレンジする,に立ち向かう,に臨む,に挑む,に出る
の姿勢も,のポーズも,の体位も,の体勢も
は劇的な,は感動的な,はびっくりするような,はドラマチックな
きらびやかな,きらめく,華々しい,輝かしい,素晴らしい,煌びやかな
転向期を,岐路を,分岐点を,転換期を,移り変わりの時期を,改善をする時期を,ターニングポイントを
実際に,現に,現実に
で免除という,で放免という,で免責という
ので何かと,のでいろいろと,ので色々と
へと籍を移動,へと移籍,へと移転,へと移る,へと移動
とギャラの,と報酬の,と賃金の,と給料の,と出演料の
は物凄い,はすごい,は凄惨,は驚くほど激しい,はすさまじい,は波乱万丈だ,は激しい
の結果で,のジャッジで,の審判で,の判定で
の育てることに,の栽培に,の育成に,の生産に,の生育に
を乗せながら,を肩に乗せながら,を運びながら,を担ぎながら,を持ちながら,を抱えながら,を背負いながら
術が,手だてが,作戦が,方法が,すべが,手段が,手口が
幾度も,度々も,何度,何回も,何度も
口論て,トラブルになって,争って,喧嘩て,もめて,喧嘩をし
一通りの,一連の,ひとつながりの
の貸付,の資金の融通,の融資,の貸し出し,の融通
が大切だと,がポイントだと,が肝心だと,が必要だと,が大事だと,が重要だと,が肝だと
に定まる,に落ち着く,に定着,に決まる,に固定
のテーマは,の議論する事柄は,の審議は,の議題は,の議事は,の会議の内容は
を筆頭に,を第一番に,をはじめに,を始まりに,を先駆けに,を先頭に,を皮きりに
とても,ぐんと,ぐっと,大幅に,大きく,一段と,ずっと,さらに
から退いた,から撤退しました,から後退しました,から退却しました,から退去しました,から辞退しました,から撤収しました
のひとまとまりの名称で,の呼び名で,の総合的な名称で,の総称で
顕著と,明白と,はっきりと
ももう,もとうとう,もこれ以上,ももはや,もこの段階では
には給料は,には賃金は,には出演料は,にはお金は,にはギャラは,には報酬は
しておとなしい,して控えめな,して謙虚な,して慎ましやかな
の免責を,の義務を無くすことを,の免除を,の免れを
をあしらったりした,を飾ったりした,を使ったりした,を添えたりした,を配置したりした
について答弁を,について応えを,について回答を,について見解を,について答えを,について意見を,について返答を
や炎天下,や酷暑,や予想をこえた暑さ,や高気温,や猛暑,やうだるような暑さ,や厳しい暑さ
成長した,成熟した,熟成した,円熟した,熟した,発展した,熟達した
がある,が感じられる,が漂う,が流れる
口外しない,隠す,内に隠す,忍ばせる,潜ませる,秘める
より納得がいかない,より腹立たしい,よりしゃくにさわる,より苛々しい,より怒りたい,より腹が立つ
でやっとのことで,でなんとか,でぎりぎりで,でやっと,で辛うじて
がずらりと,が勢ぞろいに,が勢ぞろいで,が一斉に,が荘厳に,が一通り,がずらっと
が懐妊したからと,が子供を宿したからと,が妊娠したからと
免責の,免除の
の給与より,のギャランティーより,の出演料より,の報酬より,のギャラより,の賃金より,の給料より,のお金より
があるという,が感じられるという,が漂うという,がうかがえるという
大変な,とてつもない,すさまじい,激しい,すごい,ひどい,ものすごい,恐ろしい
を排斥した,を出した,をいなくした,を締め出した,を排除した,を撤退させた,を掃討した,を追い出した,を撤去した,を駆除した
でしめる,で引き締める,で冷やす,でひきしめる
に砕く,にすりつぶす,に粉砕する,粉末にする,に細かくする,にひく,にする
の総統と,の頭に立つ,の筆頭と,の頭と,の代表と,の第一番と,のトップと,のリーダーと,のホープと
が泣きつきをした,が頼みこみをした,が切願した,が頼んだ,が嘆願した,がお願いした,が哀願した,が懇願した
玄関前には,導入路には,玄関には,アプローチには,玄関までの道には
厳しい暑さ,とても暑く,気温が高く,猛暑,極暑,酷暑,厳暑
を感染し,を患い,をひき,を罹患し,をかかり,をもらい
が願わしい,が良い,が望ましい,が喜ばしい,が芳しい,が好ましい,が理想的な
補充さ,添加さ,追加さ,付けたしさ,プラスさ,付加さ,添えさ,補足さ,付け加えさ,付け足さ
センチメンタルに,寂しく,心苦しく,かわいそうに,つらく,キュンと,切なく,悲しく,辛く
の閲覧に,の閲読に,のリーディングに,の開示に,の公開に,の読むことができる事に
が濃密らしく,が密らしく,が詰まっている,が濃いらしく,が芳醇らしく,が濃厚らしく
つるつるした,滑らかな,つるつるな,なだらかな,すべすべした,すべすべな,なめらかな
や厳たる,や厳しめな,や厳しい,や厳格な,やシビアな,や厳めしい
が信受さ,が信じら,が信仰さ,が信奉さ,が信じさ,が信心さ,が信教さ,が崇拝さ
自死,心中に,自殺に,情死に,無理心中に
必ず,断固,何があってでも,強行に,きっぱりと,絶対,確固として,頑として,きっぱり
という全部の,という一通りの,という連続した,という一連の,というひとつながりの,というひとまとまりの,という全ての
まじめに,素直に,まともに,まっすぐに,真正面に,正面から,普通に
邪魔な,わずらわしい,うざったい,うとましい,うっとうしい,邪魔くさい,煩わしい,うざい
がスタートに,が引き金に,がきっかけに,が動因に,が起因に,がトリガーに,が原因に,が要因に,が発端に
飾って,添えて,つけて,付けて,かざって,使って,あしらって
が匂っている,が出て,がして,が漂って,が感じられて,があるて
の甲高い,の騒がしい,のすごい,のけたたましい,のうるさい,の騒々しい,のすさまじい
へもみちびきを,へもアプローチを,へも宣伝を,へも誘いを,へも紹介を,へもアピールを,へも接近を,へも提供を
にはまって,にうもれて,に落ちて,に溺れて,に入って
大変な,しんどい,つらい,困る,大変,気が休まらない,難しい,きつい,疲れる,苦しい
を分割する,を分配する,を分ける,を割り当てる,を配る,を配分する,を分かち合う,を配当する
面倒な気持ちに,とおっくうに,と気が進まないように,と嫌に,と憂鬱に,とめんどくさく,とめんどうに
から後退する,から退却する,から撤去する,から撤退する,から退陣する,から退避する,から撤収する,から辞退する,から退去する,から退散する
まで賞さ,まで表彰さ,まで賞を受け,まで賞を付与さ,まで授与さ
を装う,を演じる,を取り繕う,を決め込む
傍聴は,見学は,聴講は,裁判の模様を見聞きすることは
にはめこむと,に通すと,にすると,にはめると,につけると,に付けると,に着けると
は全て,は全般的に,は概して,は全体的に,は総じて
納得して,承知して,受諾して,承諾して,許諾して,同意して,承認して,認めて,許可を出して,了承して
をそのまま書き出した,を使った,を引用した,を引き合いにした,を持ってきた
気持ちよい,快い,気持ちの良い,ちょうど良い,気持ち良い,快適な,心地よい
に載って,に記載して,に表示して,に掲載して,に明記して,に記して,に記名して,に記述して
ごちゃごちゃした,紛らわしい,回りくどい,複雑な,煩雑,難しい,ややこしい,こみいった
詳しく,細心に,苦心して,入念に,細かく,念入りに,事細かに,くまなく
などと協力して,などと提携して,などと協調して,などと共同して,などと連携して,などと連帯して
に薬を出して,に投薬して,に処方して
から査察の,から視察の,から見学の,から訪問の
採取さ,収集さ,採集さ,収穫さ
を受けて,を聴いて,を傾聴し,をうかがい,を聞き,を拝聴し,をお聞きし
連携して,協調して,提携して,共同して,協力して,団結して,連帯して
は喪失して,は消え失せて,は消失して,はなくなって,は消えて,は消滅して
緩くして,緩めて,ゆるくして,弛ませて,緩和して,和らげて,広げて
を緩める,を緩和させる,をほころばせる
の輝かしい,のすばらしい,のすがすがしい,の輝くような,の神々しい,の素敵な,の華々しい,の素晴らしい
総じて,概して,一般に,全て
貧弱だ,消えそう,小さい,細い,ひょろひょろとしている,細かい,乏しい,か細い
にたくさん,にびっしり,に細かく,に上から下まで,に余すところなく,に窮屈そうに,にいっぱい,にぎっしり,に隙間なく
寛大な,少ない,少なめな,緩やかな,穏やかな,拘束の少ない,軽い
を十分に,をたくさん,を満足に,を思う存分に,を充分に,を存分に,を目一杯に
険しい,厳しい
見学や,聴講や,傍聴や
が待ち焦がれる,が早く来てほしい,が待ち遠しい,が待ち焦がれた,が待ちきれない
をたどる,を行く,を歩む,を進む,を進行する
傍聴を,聴講を,裁判を聴くことを,見学を
途方にくれて,当惑して,困惑して,迷惑して,迷って,困って
無論,予想通り,間違いなく,もちろん,勿論,言うまでもなく,当たり前に
の広まりに,の浸透に,の定置に,の定着に,の固着に,の一般化に,の落ち着きに
死にそうな,小さな,消えそうな,小さい,とても小さな,力ない,かすかな,弱弱しい,か細い
抜かす,無しで済ませる,外す,はずす,欠かす,抜く
に笑みをうかべ,に微笑みをうかべ,に笑いをうかべ,にはにかみをうかげ,にっこり笑いながら,に微笑をうかべ
てから久しく,てからしばらくの間,てからしばらく,てからずっと,てから長い時間が経ち,てから当分の間,てから当分,てから長らく
だけではどうすることも,だけではどうにも,だけではどうしようも
とためらう,と困る,と尻込みする,と戸惑う,と躊躇する
の基本は,の基調は,のテーマは,のベースは,の主張は,のもとになるものは,の方針は
から守りの,からディフェンスの,から守備の
注意が,用心することが,警戒が,注意することが,用心が
と争う,と言い合いが起こる,と言い争う,とごたごたする,ともめる,と問題になる,と喧嘩する,とけんかをする
平らな,何もない,水平な,平坦な,平な
へ伺うように,へ丁寧に,へ丁重に
一生懸命に,重点的に,入念に,何度も,事細かに,念入りに
で栽培が,で育てることが,で育成が,で育てるのが,で生育が
の低迷で,の低下で,の不振で,の降下で,の低調で
に荒っぽい,に丁寧ではない,に粗野な,に投げやり,に粗末な,に雑な,に荒い,に荒々しい,に粗悪な,に乱暴な
を閉じ,をつぶり,を閉じて,をつむり
はぐちゃぐちゃ,は乱れ,は滅茶苦茶,はぐしゃぐしゃで,はぼさぼさに,はぼさぼさになり
はそこまで,はさほど,は思ったほど,はそれほど
弛める,弱める,緩和する,緩める,緩くする
を広げ,を広げて,をひき,を入れ,をたらし
もとても,もずっと,も見違えるほど,もすごく,も一段と,もぐんと,もさらに
転換期を,岐路を,移り変わりの時期を,変化の時期を,ターニングポイントを
頭の,知能の,賢さの,頭脳の,知的能力の,能力の
様々な用途に,色々な場面で,色々と,何かと,何にでも,なんだかんだ言って
は正解だったと,は利口だったと,は良い判断だったと,は良い考えだったと,は賢こかったと,は賢明だったと,は妥当だったと,は聡明だったと
も難しくない,もややこしくない,も複雑ではない
どうにかして,幸いにも,辛うじて,どうにか,大変だったが,なんとか
に拡充する,に増大する,に充てる,に範囲を広げて充実する,に拡大する,に充当する
をなくす,を追い出して,を除外して,を消えさせて,を排除して,をやめさせて
てままなら,てどうしようもなら,てどうにもなら,てどうともなら
はとげとげしいかった,は険しかった,は深刻だった,は鋭かった,は厳しかった
は穏やかに,は緩やかに,はなだらかに,は少しずつ,はだんだんと
目尻の当たりが,額の両脇が,目じりの横の部分が,こめかみが,目と耳の間が,側頭部が
を十分に,をたくさん,を目一杯に,を思いっきり,を充分に,を存分に
現に,実際に,事実
て引き金を,て引金を,て発射装置の金具を,て発射装置を,て引き鉄を
をしめて,を閉じて
で素早い,で速やかな,で早急な,で早い,で急速な,で迅速な
が決まり事かのごとく,が運命かのごとく,が宿命かのごとく
から免れている,から義務を果たさなくても良いとの許可を,から免責特権を,から免責を,から免除を
に移籍,に移動,に籍を移動,に移った,に籍を移す
の目覚めの,の始まりの,の覚醒の
な色合いで,な色彩で,な色で,なカラーで,な色調で
は喜ばしい,は嬉しい,は良い,は喜ばれる,はうれしい,は好ましい,は望ましい,は祝福される,は歓喜な,は喜ぶべき
が微笑をおくりながら,が笑みをおくりながら,が笑顔をおくりながら,がにやりとしながら,が微笑むをおくりながら
やめる,撤回する,ひく,退却する,辞退する,退く,逃げる,撤退する
な服装と,な衣装と
信心して,信仰して,崇拝して,信奉して,信教して
を緩めて,を弱めて,を緩和させて,を緩やかにして
の胸中の,の内心の,の心中の,の気持ちの,の心の中の,の脳裏の
て当惑する,て困惑する,て戸惑うする
そんなに,たいして,さほど,それほど,あまり
濃密な,豊かな,濃厚な,重厚な,味の濃い
の基本が,の基礎が,の骨組みが,の基調が,の骨格が,の背骨が,のベースが
疾病は,病の伝播は,病気の伝染は,伝染は,ウイルスは,感染は
を着けて,をつけて,を付けて,を着用し,をはめて,をして
は順に,は順々に,は順次,は順番に
の考えの違いの,の擦れ合いの,の抵抗の,の摩擦の,の軋轢の,の問題の
を採集する,を取る,を採取する,を収集する
に微笑を,に微笑みを,ににこやかな顔を,に笑みを,にほほ笑みを,にスマイルを,に笑顔を
の廃れや,の崩壊や,の瓦解や
に明確に示しました,にお知らせしました,に表示しました,に言いました,に明示しました,に提示しました,に示しました
で送迎車から,で車から,で高級車から,でリムジンから
を疾駆する,を走行する,を走る,をダッシュする,を疾走する
思い通りに,存分に,思いのまま,自由に,思うままに,思うとおりに,なんでも
もぐっと,も劇的に,もずっと,も急に,も一段と,もぐんと,も一気に
に対して融資を,に対して貸付を,に対して貸金を,に対して資金の融通を,に対して貸し付けを
を十分に,を目一杯に,を思い切りに,を充分に,を存分に,を心ゆくまで
だからどうにも,だから何にも,だから何も,だからなんにも,どうしようも,だからいかんとも,だから何とも
を筆頭に,を第一番に,をはじめに,を始めに,をトップに,を先頭に
ても憤る,ても苦々しい,ても憎たらしい,ても苛立たしい,ても腹立たしい,ても腹が立つ
何度と,何回と,幾度と
における顕著な,における明確な,における特筆すべき,における目立つような,における際立った,における明白な,における目立った
お金を使うことを,支出を,費用を,金を,出費を
水面下で,内密に,静かに,ひそかに,緩やかに
偏に,主に,ひたすら,専ら
しろとかやり取りは,しろとか指示は,しろとか交渉は,しろとか接触は,しろとかやりとりは
が明記さ,が記載さ,が掲載さ,が表示さ,が書かれ
で賞する,で顕彰する,で表彰する
に失礼な,に荒っぽい,に乱暴な,に粗野な
がダッシュして,が疾駆して,が元気よく走って,が疾走して
表れて,表現されて,見えて
はにっこりした,はにんまりした,はにこにこした,は微笑した,は微笑んだ,は破顔した
については総合的に,についてはおしなべて,については基本的に,については総じて,については全体的に,については概して
との考えの違いについては,との軋轢については,との摩擦については
責務と,任務と,業務と,仕事と,職務と,役務と
の輝かしい,の素晴らしい,の輝く,の華々しい,の明るい
警戒が,警備が,用心が
たのでめんどくさく,たのでうっとうしく,たので邪魔に,たのでわずらわしく,たのでうざったく,たので不快に,たので嫌に
面倒な,めんどくさい,複雑な,厄介な,込み入って煩わしい,ややこしい
わずかに,いくつか,少し,かすかに,いささか,幾分か,少々
が面倒に感じるように,が面倒に,が面倒くさく,がおっくうに
しょせん,結局,そう言ったところで,結局は,どうせ
転換期を,変化の時を,岐路を,移り変わりの時期を,ターニングポイントを
はやるせない,はつらい,は物悲しい,は切ない,は辛い,は苦しい
が引用した,引き合いに出した,が参照した,が文章をそのまま引き出した,が引き合いにした
配分さ,配合さ,配置さ,分配さ,割り当てら
転換期を,変化の時を,岐路を,移り変わりの時期を,ターニングポイントを
閲覧の,閲読の
寝起きの,目覚めの
の協議は,の会合は,の審議は,の会議は,の議題は,の議事は
香りのよい,香りがよい,芳しい,香り豊かな,ほんのり焦げた,香ばしい,においがよい,よい香りの
いい感じに焼けて,程よく焼けて,ほどよい,こんがり,ほどよく焦げた,焦げ目の付いた
に浮いて,にふわふわし,に浮かんで,にふわふわ浮かんで,に漂って,に浮遊して,に成すがままに浮かんで,にさまよって,に浮かんで揺れ動いて,にゆらゆら動いて
重大な,肝心な,特に大切な,最も重要な,決定的な,大切な,重要な
あっさりと,あっという間に,張り合いがなく,あっけなく,期待外れに,期待はずれで物足らなく
を掴んで,を持って,を指先で掴んで,をつまんで,をはさんで,を指先で挟んで,を指ではさんで
触れ合うまでに,接近までに,コンタクトまでに,接触までに,出会うまでに,近づくまでに
としっくりとしなく,と関係が悪く,と気まりが悪く,と居心地が悪く,と気まずく
さながら,あたかも,まるで
にはまって,に入り込んで,に埋もれて,に落ち込んじゃって
の引き金に,の引き起こす原因に,の原因に,のきっかけに
はむかむかしながら,は苦々しげに,は憎々しげに,は腹立たしげに,はいまいましげに
はしばしば,はたまに,は頻繁に,は時々,は結構,は幾度か,は時おり,はまあまあ
もおっくうに,も気が進まないように,も面倒に
において賞を授与する,において表顕します,において賞します,においてほめたたえます,において表彰します,において栄誉を称えます
が映える,が良く見える,がアクセントになる,が見映えがする,が目立つ,が引き立つ
の洋服デザインを,の装いを,の衣装を,の服装を,のドレスを,の衣服を,の洋服を
の病気がうつることに,の伝染に,の感染に,の接触感染に,のうつることに
て長い,て長い時間が経つ,て大分たった,てしばらくだ,てしばらく経つ,て久しい
のふりをして,を偽って,を装って,を演じて
慎ましい,控えめな,謙虚な,慎ましやかな
ぐらいから明瞭になり,くらいから出現して,ぐらいから見える形をとって表に出て,くらいから出てきて,ぐらいから表面化して,くらいから表れ,ぐらいから出てくるようになり
荒っぽく,乱暴に,いい加減に,適当に,荒々しく,激しく,雑に
で取って,ではさんで,で掴んで,で持って,でつまんで
は結局は,は結局,はつまるところは,は結局のところ,はどうせ,はしょせん
のきつね色,のこんがり
操縦して,操作して
は欠かすな,は途絶えさせるな,は無しですますな,はしないですますな,は忘れるな,は怠るな
まで充実,まで広め,まで範囲を広げて充実,まで拡充,まで延長,まで拡大
知能を,能力を,頭脳を,知的な能力を
残念ながら,残念なことに,あいにく
の仕事を,の受け持つ仕事を,の業務を,の職務を,の責務を,の受け持つ任務を,の担当を
という大変な,という緊張感のある,という劇的な,というドラマチックな,という困難な
方法も,手立て,方法,すべ,手段
の資金の融通が,の貸付が,の融通が,の融資が
はにっこり,嬉しそうな顔,は微笑んだ,はにこり,は笑った,は笑顔,はにこにこ顔
および庶民に対して,および人民に対して,および国民に対して,および群衆に対して,および民衆に対して,および民に対して,および大衆に対して,および人々に対して,および市民に対して
を背負って,を担いで,をかついで
て大分たち,て長く,て長い時間が経過して,て久しく,て長い間
がしゃくにさわるように,が腹立たしく,が腹が立つように,が憎々しく,が苦々しく,が嫌に
がちょっと,が少し,が結構,がいささか,が少しばかり,が少々,がなかなか,がいくらか
を語る,を名乗る,を称する
を覗き見し,を見て,をのぞいて,を観察し,をうかがって
は思うように身動きできなげな,はきつきつな,は窮屈な,は狭い
が少なく,が足りなく,が十分でなく,が乏しく
に明記さ,に載せら,に記載さ,に書かれ,に掲載さ
個性的な,ユーモラスな,面白そうな,ユニークな,面白い,ユーモアな
も結果的に,も結局のところは,も結局は,もつまるところは,も結局はは,もしょせんは
知識を,知能を,頭脳を,知恵を,ちえの働きを,頭の働きを,能力を
の励ましに,の元気づけに,の激励に,の応援に
に重要な,に権限の大きな,に絶対的な,にこの上なく大きな,に絶大な
を十分に,を目一杯に,を満足がゆくように,を満足のいくままに,を充分に,を存分に,を心置きなく
控えめな,ささやかな,形ばかり,簡単な,小さなな
寸前に,ぎりぎり,やっとのことで,辛うじて,辛くも,何とか
励ましを,気の紛らわせを,慰めを,同情の言葉を,いたわりを,なぐさめることを,気遣いの言葉を
を拭って,をふきとって,を拭いて,をふいて
を意味して,を明記して,を表現てて,を示して,を表して,を表示して
が添付して,が付け加えて,が付けられて,が付けて,が添付されて,が添えて
すばやく,手早く,素早く,さっと,すぐに
をつぶって,を閉じて
の厳しい暑さで,の猛暑で,のうだるような暑さで,の猛烈な暑さで
た文書を,た文献を,た文章を
ない定めと,ない天命と,ない宿命と,ない運命と
が引き金に,が契機に,がきっかけに
上質の,高品質の,非常に良い質の,良質の
手だてが,方法が,手段が,すべが
気持ちは,胸の中は,内心は,心の中は,胸中は,心中は
守備が,守備陣が,守りが,防御が,ディフェンスが
をつけ,を着け,を装着し,をはめ,を付け,を装着
決定が,判定が,結果が,裁定が,判断が
で記帳し,で記載し,で作成し,で書き込みをし,で記入し
に勝る,に上回る,に勝つ,に優れている
いくつも,ずらっと,ずらりと,たくさん,数多く,勢ぞろいで,沢山
だから遠慮する,だから躊躇する,だからためらう,だから気後れする
の議事を,の審議を
つかむ,指先で持つ,はさみもつ,つまむ
の強烈な,の強すぎる,の猛烈な,の凄まじい,の強い,のすさまじい,の強力な
の覚醒に,の起床に,の目覚めに
やや,わずかに,少し,いくらか,多少,かすかに,いささか
もめる,ごたつく,言い合う,争う
がたいして,があまり,がそれほど,がさほど
の俊敏な,の機敏な,のあっという間な,非常に早い,の迅速な,の素早い
をたどる,を歩む,を手繰る,を進む,を行く,をなぞる
の放免を,の免除を,の支払いの義務をなくすことを
費用,出費,負担,支出
入念の,念入りの,細心の,きめ細やかな
で河原の,で河川敷の,で河原沿いの,で川沿いの
は敷地内の,は境内の,は寺社の中の
の一連の,の一通りの,のひとつながりの
を引き継ぐ,を継承する,を受け継ぐ,を継ぐ,をひく
あたかも,まるで
長いあいだ,暫く,長い間,久しく,しばらく,長く
回答を,返答を,答えを,答弁を
が快い,が気持ちよい,が気持ちいい,が心地よい,が気持ちの良い
一致して,合って,合致して,符合して
を操縦し,をコントロールし,を運転し,を操作し,を動かし,を制御し
信心であった,信奉であった,信仰であった,信教であった
につける,にのせる,に付け足す,に付ける,に添える
パターンは,形態は,種類は,バリエーションは,多様性は
に除去し,に消し,に取り除き,に拭い,に消し去り,に除き,に払い
アタックは,アプローチは,働きかけは,接近は
手だてが,方法が,手段が,すべが
に弱い,にもろい
悲しく,空虚な,空虚に,空疎に,むなしく
しょせん,結局,結局は,どうせ
で幾度か,で何回か,で何度か
粗野な,お転婆な,荒っぽい,乱暴な,雑な
で争って,でいざこざを起こして,喧嘩をして,でもめて,で言い合って
にはめるだけで,に装着するだけで,につけるだけで,に付けるだけで,に着けるだけで
返済が,支払いが,返却が,借りた金を返すことが
が絶える,が無くなる,が途絶える,がなくなる,が消える
けがれないという,清いという,清らかという,清々しいという
が邪魔だったなあ,が煩わしかったなあ,がわずらわしかったなあ,が不快だったなあ,がうっとうしかったなあ
望ましい,好ましい,望んでいた,願わしい,理想的な
ながら少し,ながら少しばかり,ながらわずかに,ながらいささか,ながら若干,ながら少々,ながらかすかに
を示す,を形にする,をあげる,を出す,を表す
いくつも,ずらっと,大量に,ずらりと,たくさん,整然と,数多く,勢ぞろいで
を添えて,を同封して,を一緒にして,を一緒に,を添付して,一緒につけて
を示して,を表して,を表現して,を示唆て,を表現て
びっくりするような,激しい,つんざくような,甲高い,騒々しい,うるさい,けたたましい,強烈な
何とも,なんとも,何ともいえず,どうにも
の見学を,の聞き役を,の傍聴を,の見聞きを
をつけ,を結び,をまとい,を身につけ,をしめ
をうかがい,を見つけて,を見て,を狙い,を狙って
に装う,に着こなす,に振舞う
是非とも,何とぞ,何とか,どうか
で拭うと,で拭き取ると,で拭くと,でふくと
はきつかったですね,は辛かったですね,は厳しかったですね,はつらかったですね,はしんどかったですね,は困難でしたね
に移動,に移籍,に籍を移す,に鞍替え
に乱れ,に整わなくなり,に荒れ,に狂い,にまとまらず
を飾って,を取り合わせて,を合わせて,を取りいれて,をあしらって
が何とも,がどうにも,がどうやっても,が何故だか,がどうしても
に拡張した,に広げた,に増やした,に拡大した
て馬鹿な,て馬鹿らしい,て無駄な,てあほらしい,てバカな,て愚かな
はひそかに,は内密に,はひっそりと,心のうちで,は秘密裏に
して群衆の,して世間の,して大衆の,して民衆の,して人々の,して市井の
がけたたましく,がびっくりするような,がうるさく,が激しく,が騒々しく,が甲高く,が煩く
の仕事を,の代理を,の役務を,の職務を,のお仕事を,の任務を
敷地内が,敷地が,寺中が,境内が
に超える,に勝る,に勝つ,に上回る
きちんとに,まともに,正確に,ちゃんとに,しっかりと,正しく
疑問だけど,不確実だけど,信用できないけど,信じられないけど,疑わしいけど,怪しいけど
のテーマに関する,の内容に関する,の審議に関する,の議事に関する
た守りを,た守備を
によってわずかな,によってささやかな,によってひかえめな,によって控えめな,によってわずかながら
に消失しつつ,に消えしつつ,になくなりしつつ,に消滅しつつ
馬鹿な,おバカさんな,愚かな
の先頭に,の頂点に,の筆頭に,のトップに
閲覧は,閲読は,検閲は
連動して,協力して,連携して,団結して,連帯して
つるりとした,なだらかな,すべすべな,スムーズな,滑らかな
河川敷に,河原に
荒れて,寂れて,廃れて,すたれて,荒廃して
潰滅の,崩壊の,転落の,瓦解の,壊滅の
鬼のような,の恐ろしい,のすさまじい,のものすごい,のおどろおどろしい
に勝る,を上回る,に勝つ,に上回る
はスムーズな,は上手な,は滑らかな,はペラペラな,は流暢な
は表示さ,は示さ,は指定さ,は明確に示さ,は明記さ,は明示さ,は明らかにさ,は明確化さ
個性的な,猛然たる,強烈な,凄まじい,猛烈な,激しい,悽絶な,凄絶な
で思い切って,で思うように,で充分に,で好きなだけ,で思いっきり,で精一杯,で思い切りに,で存分に
やるせない,切実な,悲痛な,切ない,悲しい
塞ぎ込んで,傷ついて,病んで
が映える,が合う,が綺麗にうつる,が目立つ,が見栄えがする,が引き立つ
をことこまやかに,を丁寧に,を丹念に,を入念に,を念入りに
の低下に,の低迷に,の転落に,の低さに
を決意した,を了承した,を承諾した,を了解した,を同意した,を承知した
名乗る,名前を言う
には寺の中も,には敷地も,には境内も,には敷地内も
が丁重に,が大事に,が丁寧に
アプローチの,接触の,接近の,近づくの,働きかけの
の展望,の内容,の概略,のあらまし,の概観,の概要
が挑む,がのぞむ,がチャレンジする,が望む,が挑戦する
についても監督の,についても見張りの,についても注視の,についてもみはりの,についても監視の
はひそかに,は秘密裏に,はこっそりと,はこっそりに,は内密に,はひっそりに
で腹わたが煮えた,で苛立たしい,で不機嫌だ,で忌ま忌ましい,で腹立たしかった,でむかむかした,で不快だ,で腹が立った,で苛立たしかった,で憎たらしかった
激しく,やかましく,うるさく,騒々しく,けたたましく
衣服も,服も,服装も,着るものも,コスチュームも,衣装も
ターニングポイントにあたって,岐路にあたって,変わり目にあたって,変革期にあたって,転換期にあたって
たキャッチフレーズの,た売り込み文句の,たうたい文句の,たキャッチコピー,た宣伝文句の,た売り文句の
チャーミングな,ユーモラスな,おもしろおかしい,ユニークな,面白い,滑稽な,愉快な,おかしい
の絶大な,の巨大な,の大きな,の絶対的な,のすさまじく大きい,のどえらい,のものすごい,のすさまじい,の強大な,の極大な
てマークをさ,て観察をさ,て監視をさ,て監督をさ,て巡視をさ,て見張りをさ
操る,動かす,制御する,操作する,コントロールする,操縦する,運転する
に常駐する,に駐在する,にいつもいる,に常に駐在する,に駐留する,に常勤する
を除去する,を取り除く,を無くそうとする,を取り外す,を取っ払う,を除外する,を排除する,を排斥する,を取り払う
に微笑が,に軽い笑み,にニコニコが,にスマイルが,に微笑みが,に笑みが,に笑いが
なんてきめ細かく,なんて細かく,なんて綿密に,なんて詳しく,なんて微細に,なんて周到に,なんてじっくりと,なんて緻密に,なんて計画的に
臨む,トライする,挑む,望む,チャレンジする,挑戦する
幾度も,度々も,いくたびも,何回も,何度も
付け足しさ,補完さ,補足さ,付け加えさ,付け足さ,付足しさ
との接触も,とのやりとりも,とのコンタクトも,とのコミニケーションも,とのふれあいも,との触れ合いも
は大きく,はドラマティックに,は見違えるように,は衝撃的に,は格段に,は大変に,は目立って,は顕著に,は劇的に
とお願いし,と哀願し,と切望し,と懇願し,と嘆願し
方法を,やり方を,手段を,すべを,術を
順次,順繰り,順々に,順に,順番,順番に
がさつなので,手荒いので,乱暴なので,荒々しいので,荒っぽいので
に欠く,になくす,に欠かす,に無くす
さっと,直ぐに,ささっと,素早く,俊敏に,迅速に,間を置かず
もなくなり,も止み,も絶え,も途絶え
話が,答えが,応答が,返事が,答弁が,回答が,返答が,弁明が
勿論,当たり前ながら,言うまでもなく,無論,当然
に撤退する,に退く,に廃止する,に退去する,に撤収する,に取り払いする
で常駐し,で常にいるように,で駐在し,で常勤し,でいつもいる,で常務し
でうるさく,ですさまじい,で凄い,で物凄い,で巨大な,でものすごい,でけたたましい,で強烈な,で騒々しい,で激しい,で壮絶な
が度々,が頻繁に,が何度も,が時として,が繰り返し,がしばしば,が時々
も秘めて,も隠して,も隠れて,も持ち合わせている,も隠し持って
があたかも,がさながら,がまるで
ユーモラスな,ユニークな,興味深い,楽しい,面白い,滑稽な
何しろ,とにかく,何といっても,何と言っても,どうにも,いずれにせよ
の報酬は,の給与は,のギャランティーは,のギャラは,の給料は
をメインカラーにした,を軸にした,を基調にした,をベースにした,を基本にした
慈悲を,癒しを,心やりを,同情を,力づけを,救いを,慰めを
ことあるごとに,何かに付け,何かと,何かにつけて,とかく,折に触れ
のはっきりとした,の著しい,の目立った,の顕著な,の際立った,の明らかな,の明確な
を名乗り,を告げ,を言い,を申し出て
解釈には,見方には,理解には,受け取りには,読み取りには
面倒な,込み入った,複雑な,面倒くさい,難しい,厄介な,ややこしい
ながらも活躍を,ながらも健闘を,ながらも奮闘を,ながらも頑張りを
不運にも,折悪しく,あいにく,運悪く,残念ながら
異色な,奇妙な,異様な,異常な,異質な
衣服も,服も,服装も,コスチュームも,ドレスも,衣装も
を筆頭に,を代表に,を手始めに,をトップに,を先頭に,を目玉に,を代表的に,を始めとして
から消失するまでの,から消え去るまでの,からなくなるまでの,から去るまでの,から消えるまでの,から消え失せるまでの,から消滅するまでの
の異動は,の移動は,の移籍は
自分を,己を,自分自身を,自己を
においても欠かす,においてもなくす,においても無くす,においても失う,においても欠く
の幹部が,の主要人物が,の指導部が,の中心人物が,の重役が
気持ちいい,気持ちよい,快い,心地良い,快適,心地いい
の淫らな,の悶える,の錯乱する,の乱れる,の服がはだける
からのアプローチが,からの仕掛けが,からの短いショットが
で取り出した,で入手した,で収集した,で採取した
きつきつな,窮屈な,小さい,きつい
あるものに,モノに,ものに,物体に,何かに,物質に,物に
を尻込みする,を迷う,をためらう,を躊躇する,を止める
嫌ではないらしい,不快ではないらしい,気まずくないらしい,居心地が悪くないらしい,きまりが悪くないらしい,気詰まりではないらしい
の激励を,のはげましを,のエールを,の励ましを
とこんがらがるから,とややこしいから,と複雑になるから,と面倒だから,と複雑だから,と面倒くさいから
深刻な,険しい,真剣な,難しい,きつい,厳しい
の返還に,の返済に,の返金に,の返却に,の支払いに,の弁済に
全部,丸ごと,丸々,1個全部,ぜんぶ
巡視をさ,見学をさ,視察をさ
大型高級乗用車とは,高級車とは,リムジンとは,高級外車とは
は厳しい暑さ,は暑さが厳しく,は猛暑,は酷暑
河原の,河川敷の
会うのは,接触は,接見は,連絡は,やりとりは,コンタクトは,面会は,コミュニケーションは
の奮闘を,の健闘を,の活躍を,のご活躍,の頑張りを
とは明示され,とは明記され,とは提示され,とは書い
は欠かす,は忘れる,はなしで済ませる,はなくす,は除外する,は除く,は外す
による伝染,による感染
にぶつかった,に衝突,に触れる,に接触,に当たった,にぶつかる
順次,順に,順番に
が信仰さ,が崇敬さ,が崇拝さ,が信じられて
という支出に,という出費に,という浪費に
を出さ,を用意さ,を処方さ
が絶えても,が途絶えても,が尽きても,が止まっても,が止まって
をむなしく,を無意味に,を寂しく,を空虚に,を無為に,を無駄に,を徒に,を空疎に
で免責を,で控除を,を義務から逃れること,で免除を
空虚に,空疎に,むなしく
がずらりと,が数多く,が勢ぞろいで,が多数,がいっぱい,が何台も,が沢山,がずらずらと,がずらっと
をベースに,をメインカラー,を基調に,を地色に,を基本に
急に,見違えるように,一気に,ドラマティックに,劇的に,ドラマチックに,急劇に,非常に,がらりと
た自分自身に,た己に,た自分に,た私に,た俺に,た僕に
幾度も,度々も,何回も,何度も
今や,今では,時代は,現在では,もはや,現在は,今は,現代は
をつぶって,を瞑って,を閉じて
の強烈な,のもの凄い,の激しい,のすごい,の壮絶な,のすさまじい,の凄い,のものすごい,のひどい
に用心の,に警戒の
も一目瞭然であった,も抜群であった,も顕著であった
の衣を,の着物を,のお召し物を,の衣装を,の衣服を,のコスチュームを
が適切だ,が賢明だ,が順当だ,が良い,が賢いやり方だ,が賢い,が利巧だ,が利口だ,が間違いない
の一連の,のシリーズの,の一通りの,の一続きの
によく,に専ら
や記事,や資料,や文書,や文献,や専門書,や典拠
うだるような暑さの,真夏日の,猛暑の,酷暑の,厳しい暑さの
市民を,民衆を,人々を,聴衆を,衆人を,群衆を,庶民を,大衆を,皆を,世間を,国民を
は喜ばしい,は嬉しい,はうれしい,は結構だ,は良いことだ,はいい事だ,はいい
をつかんで,を手に取って,を指先で持ち,を指でつかんで,をつかみ,をつまみ,をそっと持ち
あたかも,まるで
な彩りの,ないろどりの,な色彩の,な色合いの,な色の,な色調の
姿勢が,体勢が,形が,かまえが
に記され,に掲載され,に載っ,書いてある,に記載され,に明記され,に記帳され,に書かれ
厳しくて,厳格で,厳しい人で,厳しく
は物凄い,はすさまじい,はすごい,は目を見張る,は素晴らしい,は感動する,はものすごい,は凄い
を勇気づけに,を元気付けに,を慰問に,を励ましに,を元気づけに,を慰めに
を装う,をつくろう
に増やします,に拡大します,に拡充します
が用意さ,が指示さ,が処方さ,が提供さ
に昇天した,に永眠した,に死去した,に他界した,に逝去した,に亡くなった,に逝った
のもめ事が,の擦れ合いが,の摩擦が,の軋轢が,の問題が,のしこりが,のいざこざが,の不和が,の障害が
する上質な,する高品質な,する品質の高い,する優良な,する良質な
の激励,の応援,の励まし
も乱れて,も廃れて,も荒れて,も荒廃して
で死亡しました,で亡くなりました,で死去しました,で他界しました,で彼岸の人になりました
で拍子抜けする,で盛り下がった,で期待外れな,で淡白な,であっけない,であっという間の
を基調とした,を中心とした,をベースとした,を基盤とした,を基本とした,をベースにした
上質の,品質の高い,良質の
が挿入さ,が引用さ,が使用さ,がそのまま使用さ
でふきながら,で払いながら,で拭いながら,でこすりながら
何とぞ,ぜひとも,どうか,是非にも
少額な,少しの,ささやかな,雀の涙ほど,わずかながら
はすっかり,はもはや,はもう,はすでに
を取り除く,を退ける,を排除する,を排斥する,を追放する
の役員は,の上層部は,の重鎮は,の重役は,の幹部は
なヘラヘラ笑いなどしない,な微笑などしない,な薄笑いなどしない,な笑顔などしない,な微笑みなどしない
シビアな,厳格な,厳しい,堅物な,威厳のある
丹念に,細部まで,詳細に,綿密に,細部にわたって,事細かに,丁寧に
に地道に,に丁寧に,に根気よく,にじっくりと丁寧に,に真面目に
雄大な,壮大な,広大な
バツが悪く,居心地が悪く,気まずく,場の空気が悪く,居づらく
が待ち遠しい,が楽しみだ,が待ちきれない
が猛烈な,が激しい,が厳しい,が強烈な
で上質な,で質の良い,で良質な,で上等な,で質の高い,でレベルの高い
の安定,の定まり,の定着,の浸透,の定番化
激しく,驚くような高い音で,やかましく,うるさく,けたたましく
聞き,話を聞き,お聞きして,うかがい,お聞きし
猛烈な,激烈な,激しい,強烈な
を表して,を表現して,を示して,をイメージして,を指して
凍り付いた,バツが悪い,気まずい,居づらい,居心地が悪い
必ず,断固,絶対に,何があろうと,絶対,何としても,頑なに
で哀願した,で嘆願した,で懇願した,でお願いした
丹念に,入念に,念入りに,しっかりと,丁寧に,きっちりと
に全控除を,に義務を果たさなくてよいよう許可を,に免除を,に免責を
引用して,そのまま使用して,挿入して
情死こそ,心中こそ
慰めの,励ましの,癒しの,いたわりの,救いの
を動かして,を操作して,を運転して,を操縦して
に絶大の,に莫大の,に強大な,に最大の,に大きな,に確実な,にとても大きな,に絶対的な
漂う,ある,が感じられる,あふれる,溢れる
で確実な,で絶対的な,で多大な,で絶大な,でとても大きな
が大分,が度々,が結構,がしばしば,がよく,がかなり,がしょっちゅう
の考え方で,の感じ方で,の理解で,の読み取りで,の解釈で
の短所は,の欠点は,のウィークポイントは,の難点は,の残念なところは,の問題点は
に惨めに,に情けなく,に恥ずかしく,にみじめに,に虚しく
に立ち向かい,にチャレンジし,に挑み,に挑戦し,に向かっていき
厳格な,堅物な,規律の厳しい,真面目な
きょうび,現在は,現在では,今では,今となっては,もはや,今や
すると良質な,すると質の高い,すると上質な,すると質の良い,すると高品質
で爆走する,で暴走する,で疾走する,で突進する,でダッシュする
がずらり,がぎゅうぎゅうと,がびっしり,がぎっしり,がたくさん,が隙間なしに,が隙間なく
を添えて,を書いて,を添付し,を交えて
を示す,を映し出す,を表現する,を表している,を表す
の覚醒に,の起床に,の目覚めに,が起きることに
と頼み込む,とお願いする,と懇願する,と嘆願する
を十分に,を思うままに,をしっかりと,をタップリと,を思う存分に,を存分に,を目一杯に
聴取が,傍聴が,聞くことが
居心地が悪い,良くない,居心地の悪い,微妙な,居づらい,気まずい
で辛うじて,でどうにかこうにか,で苦労の末,でどうにか,で何とか,でやっと,で苦労して,でなんとか
の目覚めは,の寝起きは,のお目覚め
丹念に,入念に,念入りに,熱心に
すでに,もう,今となっては,こうなっては,もはや,今や
も変化の時に,もターニングポイントに,も転換期に,も変わるべき時に,も岐路に
と連帯して,と協力して,と連携して,と一緒に
もめる,トラブルの,あらそいがおこる,争う,トラブる
を抜くと,を緩めると,を引き締めるのをやめると
気持よかっ,心に染み入っ,心地よかった,快かった,気持ちよかった,気分よかっ,心安らいだ
て気持よく,ていい気持ちで,て心地よく,て気持ちよく,て気分よく
香り高い,香りたつ,芳しい,香り豊かな,香ばしい,匂いたつ,ふくいくたる,芳醇な香りの
隙間なく,大量に,ぎっしり,びっしり,細密,無数に,ぎっしりと
の中心になる人物も,の幹部も,の重役も,の上役も
はひどい暑さから,は酷暑から,は厳しい暑さから,は猛暑から,は真夏の暑さから,は熱波から
赤ちゃんがお腹に,身ごもって,子を宿して,妊娠して,懐胎して,懐妊して
あらかた,トータル的に,総じて,概ね,全体的な傾向として,全体的に
に譲歩せず,に迎合せず,に流されず,に妥協せず
あっけなく,あっさりと,あっさり,あっという間に
を崩している,を弱めて,をわずらって,を蝕まれて,を病んで
が顕著に,が明確に,が目だって,が著しく,がはっきりと,があきらかに
に仕掛けを,に売り込みを,に接近を,に行動を,に接触を,に働きかけを,にアプローチを
な議事を,な会議を,なテーマを,な議題を,なディスカッションを
に不快に,にじゃまくさく,に煩わしく,に暑苦しく,にうっとうしく,に邪魔に,にうざく,にうざったく
にとってもういない,にとって逝った,にとって死去した,にとって死んだ,にとって逝去した,にとって亡くした,にとって他界した,にとって亡くなった,にとって永眠した,にとってこの世にいない
の衣を,の服を,の着物を,の衣装を,の服装を,の装束を,の衣服を
を教え,を名乗り,を伝え,を名乗り出て,を明言し,を言い,を申し出て
うかがって,お教えしてもらって,聞いて,おうかがいして,教えられて,お聞きして
うざったい,うっざ,うぜえ,気持ち悪い,不愉快だ,うっとうしい,煩わしい,うざい,迷惑
苦しいですねえ,つらいですねえ,しんどいですねえ,ゆるくないですねえ,きついですねえ
が弱み,が難点,が残念,が欠点,が弱点,が問題,が短所,が問題点,が難儀
は華麗な,はど派手な,は輝かしい,は華やかな,は豪華絢爛な,はハデな,は煌びやかな,は華々しい,はきらびやかな
の返金,の返済,の返却,の返還
を全部,をそのまま,を全て,をそのままを,をまるっと,を丸ごと,をありのままに,を何もかも
を判定,を調査,をジャッチ,を診断,を判断
が映える,が見栄えがする,が引き立つ,が見栄えする,がよりよく見える,が綺麗に見える
報酬の,ギャラの,出演料の,給料の,給与の
をじっくりと,をしっかりと,を穴が開くほどに,を隅々まで,を入念に,を頭に刻み込むように,を念入りに,を熱心に
の返済に,の返却に,のローンに,の返金に
厳然として,毅然として,絶対に,断固,きっぱりと,気を強く持ち,頑なに,確固として,頑として,断じて
望ましい,喜ぶべき,もらいたかった,うれしい,好ましい,持っていたい,嬉しい,ほしかった,気に入る,喜ばしい
を褒賞します,を表彰します,を讃えます
フォローした,補足した,付け足した,付け加えした,補完した,付け加えた,追加した
というキャッチコピーで,というキャッチフレーズで,という名目で,という宣伝文句で,という売り文句で,といううたい文句で,という謳い文句で
はこすれに,は摩擦に,は擦れ合いに
も見られなかった,も不十分だった,も強くなかった,も弱かった,も少なかった,も乏しかった
絶えて,なくなって,終わって,滅びて,途絶えて,断絶して,消えて
強烈な,ディープな,濃厚な,濃密な,ねっとりとした,情熱的な
すでに,現在では,今日では,今では,今はもう,今となっては,もはや,今や
儚く,空虚な,空虚に,うつろな,形だけの,空疎に,むなしく
恥ずかしい,情けない,憐れな,心配な,憂慮すべき,嘆かわしい,みじめな
普通に,正規に,まともに,まっとうに,定価で
が勝負所だと,が肝心だと,が大切だと,が大事だと,が秘訣だと,が要訣だと,が肝要だと,が重要だと,が肝だと
の寒い,の冷えた,の肌寒い,の少し寒い,のうすら寒い,気温の低い,の薄寒い,冷んやりする
控えめに,慎ましくに,謙虚に
これでもかといやらしい,強烈な,濃厚な,濃密な,激しい,ねっとりとした,情熱的な
扱う,あつかう,あしらう
明記され,記述され,載っ,掲載され,記載され,記録され
の貸付も,の出資も,の貸与も,の援助も,の融資も,の貸付金も
素晴らしい,光栄な,好ましい,嬉しい,喜ばしい,うれしい
の一連の,の一続きの,の全行程の,の一通りの
を悪くして,をいためて,を痛めて,を病んで
記入して,記載して,明記して,書いて,入力して
から溢れて,からあふれて,から漂って
が求められている,が良い,が望ましい,がよい,が好ましい,が望まれている,が理想的な
が完成する,が成熟する,が円熟する,が確立する,が発展する
には消えて,には喪失して,には消滅して,には消えて無くなって,にはなくなって,には消失して
はキャッチフレーズとして,はうたい文句として,はキャッチコピーとして
伝染の,感染の,病気の
が出て,が顕著化して,が表れて,が示され
の見学に,の観察に,の視察に,のチェックに,の偵察に
あたかも,まるで
と礼儀正しい,と丁寧な,と丁重な
もにっこりとして,も微笑んで,もにこにことして
をうかがい,を見て,を様子見し
が憎らしげ,が憎々しげ,が苛立たしげ,が腹立たしげ,がいまいましげ,怒ったよう
を付け加え,をのせて,を添え
や河川敷だった,や河原沿いだった,や河原だった
の敷地では,の寺社内では,の境内では,の寺の敷地では
勿論,言うまでもなく,無論,もちろん,いうまでもなく
は高品質な,は質の高い,は品質の良い,は良質な,は上質な,は質の良い
が面倒くさいなら,がめんどうなら,がおっくうなら,が面倒なら
を広げ,を拡大し,を拡張し
をどうにも,をどうしても,をどのようにしても
順次,順々に,順に,順番に
は彩りを,は色彩を
など何かと,など色々と,など色々
がお願いした,が切願した,が必死にお願いした,が嘆願した,が懇願した
がリムジンの,が高級車の,が外車の
てこそ見栄えがする,てこそ映える,てこそ生きる,てこそ美しく見える,てこそ引き立つ,てこそ見映えがする
と懇願した,とお願いした,と切望した,と熱心にお願いした
いかにも,さも
少しばかり,いささか,少し,わずかに
がぎっしり,が大量に,が所狭しと,が隙間なく,がびっしり
を拭って,をふき取って,を拭いて
による融資,による資金提供
が拡大さ,が拡充さ,が拡張さ
としては正当だよ,としてはまともだよ,としてはまっとうだよ,としては正常だよ
にチャレンジする,に挑戦する,に立ち向かう,に挑む
に譲歩して,に妥協して
は絶対的な,はとても大きな,は絶大な,はきわめて大きな,は強大な
妊娠して,お腹に子供が,子供を宿して,身ごもって
を受け継いで,をひいて,を継いで,を継承して
が絶えて,が途絶えて,が消滅し
手を引く,から撤収する,から撤退する
滑らかに,スムーズに,すらすらと
気持ち良く,快く,気持ちよく
の輝かしい,の素晴らしい,の明るい,の光り輝く
随分,大きく,大分,大幅に,ぐんと,ずっと
で順に,で順々に,で順次,で順番に
の放免を,の免除を,の義務を無くすよう許可を,の免役を
の格好が,のユニフォームが,の服装が,の衣装が,の制服が,のコスチュームが,の衣服が
とが摩擦を,とが擦り合い
困ら,戸惑わ,困惑さ,当惑さ
寺社内を,敷地を,境内を,寺社の敷地を
と協力し,と連携し,と協力し合い,と連帯し
は当惑しながら,は戸惑いしながら,は困惑しながら
現に,実際に
から見けら,から採取さ,から取得さ,から取り出さ,から採,から採集さ,から収集さ,から検出さ
救いを,気休めを,慰労を,慰めを
を除去し,を排斥し,を取り除き,をなくし,を廃止し,を排除し,を除き
の概略は,の要点は,のあらましは,の大筋は,の要旨は,の大まかな内容は,の概要は,のあらすじは
は己が,は自分の,は我が
として表彰さ,として発表さ
にはめては,に押しこめては,にあてはめては
の無くなる,のひく,のなくなる,のひいていく
で窮屈だった,で狭苦しい状態だった,に押し込められていた
が待ち遠しい,がを待ちかねる,がを待ちわびる,が早く来てほしいと望む,が待ちきれない,が楽しみな
までパターンも,まで種類も,まで種別も,までバリエーションも
を閉じ,をつぶり,を閉じて,をつむり
のプロフィールは,の身分は,の身元は,の素性は,の実態は,の身上は,の正体は
に周知して,に提示して,に開示して,に明示して
を用心,を警戒,を用心する,を恐れる
はあっけなく,は単純で,はあっさりして物足りなく,はあっさりと,は簡単で
空気の冷たい,冷え込んだ,少し寒い,冷たさを感じる,肌寒い,寒い
一通りの,一連の,一通りの流れの,ひとつながりの
しばしば,よく,頻繁に,度々,何度も
雄大な,壮大な,広大な
少し高く,少し盛り上がったように,小高く,やや高く
に一致する,に適している,に合っている,にぴったり一致する,に合致する
すでに,もう,今では,今となっては,もはや,今や
は当惑しながらも,は困惑しながらも
成長した,成熟した,時の経過とともに完成した,円熟した,発展した,完成した
怪しければ,疑わしければ,疑いがあれば,疑惑があれば,クロならば,あやしければ,信じられなければ,不審ならば
はそれほど,はさほど,はたいして,はそんなに,はそんなにも,はあまり
が崩れやすく,がぼろぼろ崩れやすく,が弱く,がもろく,が壊れやすく
は荒々しいけど,は乱暴だけど,は雑なところもあるけど,は荒っぽいけど
を十分に,を目一杯に,をたっぷりに,を思いっきりに,を思い切りに,を充分に,を心行くまで,を存分に,を心ゆくまで
は常駐される,は常備される,は駐在される,はいつもいる,は常勤される,ずっとそこにある状態にされる
心地よく,気持よく,快適に,気持ちよく,気持ち良く
から疑問の余地がある,から信憑性がないですね,から疑問ですね,から怪しいですね,から疑わしいですね,からあやしいですね
でそのまま使用さ,で引き合いにさ,で引用さ,で引合いに出さ,で参照さ,で使わ,で使用さ
に示して,に表して,になおして,に書いて,に表示し
団体の上層部も,幹部も,重役も,上層部も
期待外れだ,あっさりしている,あっさりして物足りない,あっけないな,すぐに終わった
に体を,に体勢を,に上半身を,に姿勢を
に対するわずかな,に対する小さな,に対するひそやかな,に対する少しの,に対する控えめな,に対するささやかな,に対するかすかな
と監督が,と見張りが,としっかりと見張ることが,と監視が,と監察が
の視察を,の訪問を,の見学を
を細かく,を綿密に,を丹念に,を詳細に,を厳密に,を緻密に,を丁寧に
の支払に,の返済に,の返却に,の弁済に
および国民に,および民に,および人民に,および大衆に,および民衆に
小さな,消え入りそうな,小さい,か弱い,弱々しい,か細い
の体勢に,の姿勢に,の状態に
の切り立った,の過酷な,の激しい,の厳しい,の険しい
に面倒くさい,に迷惑な,に邪魔な,に面倒な,にうっとうしい,に腹の立つ
を表彰しました,を賞しました
を調剤する,を患者に出して服用を指示する,を渡す,を処方する
激励と,応援と,励ましと
を隠し持つ,を潜めた,を秘める,を感じさせる,を内在する,を持つ,を秘めた
を疾走する,を思いっきり走る,を疾駆する,をひたすら走る,をダッシュする,を駆け巡る
もちろん,無論,言うまでもなく,勿論
がある,が感じられる,が漂う,が匂う
をとても,を絶大に,を非常に,をものすごく,を大いに,を絶対的に
さえも尻込みする,さえもためらう,さえも躊躇する
の目覚めが,の寝起きが
を閉じ,をつぶり,を閉じて,をつむり
を視察,を訪問,を見学
にもひそかに,にもひっそりと,にも内密に,にも極秘に,にも秘密で,にも秘密裏に
一連の,全行程の,ひとつながりの,ひととおりの
は絶大だ,は絶対的だ,は厚い,は甚大だ,は絶対だ
取って,採取して,栽培して,採集して
がびっしり,がぎっしり,が隙間なく,が切れ目なく,がいっぱい,が一杯,がたくさん
発表,提示,開示,明示
な摩擦が,なしがらみが,な軋轢が
も常駐して,も駐在して,も常勤して
ながらさっと,ながら素早く,ながら手早く,ながらすばやく
を示す,を表す,を意味する
かは疑わしい,かは怪しい,かは疑いの余地がある,かは疑問だ
着実な,地道な,堅実な,こつこつとした
すんなり,気持ち良く,快く,気持ちよく
一連の,全ての,すべての,ひととおりの
現在は,現在,現在では,今では,今となっては,今や
を残して,を作って,を描いて,をひいて
で荒れる,で荒む,で暴れる,乱暴になる
かユニークで,かユーモラスで,か滑稽で,か愉快で,か面白おかしくて,か面白くて
でございましたので追加さ,でございましたので補足さ,でございましたので付け加えさ
やや隆起した,少し高い,小高い
は喜ばしい,は喜ぶべき,は好ましい,は嬉しい
で表す,で示す,で表示する,で明記する
こめかみの,目尻の辺りの
いささか,少々,少し,わずかに
に移った,に移籍,に転籍
て素性の,て身元の
に繁々と,に隙間なく,にたくさん,にぎっしりと,にびっしりと
に移籍,に移る
苦戦を,良くない状態を,低迷を
閲覧の,閲読の
ながらさっと,ながら手際よく,ながら素早く,ながら手早く
を書いて,をひき,を書き
おめでたく,めでたく,喜ばしく
も大きな,も雄大な,も壮大な
を信仰する,を崇拝する,を信じる,を信心する
辛い,厳しい,苦しい,しんどい,つらい
の総称,全ての名称
の視察の,の見学の,の訪問の
が表面化,が表面化し,が表れ,が表に出て,が見られ,が出現し
を丸ごと,を全て,をそのまま
を広げる,を拡充する,を拡大する,を拡張する
全部,丸ごと,丸々,そのまま
は悔し,は苦々し,は腹立たし,は苛立たし
を愚かな,を馬鹿な,を無能な,をばかな,を浅はかな,を愚鈍な
異様です,異例です,普通ではないです,異常です,おかしいです,尋常ではないです
ないと知恵の,ないと知能の,ないと知力の
何と言っても,何しろ,ともかく,とにかく
が味が濃いのに,が濃いのに,が濃厚なのに,が重厚なのに
なりの捉え方を,なりの見方を,なりの解釈を,なりの考え方を,なりの考えを
が寂しくなる,が恋しい,が切ない
どうぞ,何とぞ,どうか,ぜひとも
は己を,は自身を,は自らを,は自分を,は私を,は自己を
シビアな,厳格な,厳しい,厳正な
に崩れやすく,に脆弱に,にもろく,に弱く
寺社の敷地は,神社内は,境内は,敷地内は,寺社内は
が妥当です,が聡明です,が利口です,が賢明です,が賢いです,がスマートです
の見ることが,の閲読が,の閲覧が
やかましい,激しい,けたたましい,騒々しい,驚くような高い音で
自分を,己を,自己を,自身を,自らを
慎ましくあるように,控えめに,謙虚に
ばかり現在や,ばかり昨今や,ばかり今や
の答えを,の返答を,の答弁を,の回答を
がずらりと,が数多く,がたくさん,がいくつも,が勢ぞろいで,がびっしりと,が整然と,がずらずらと,が隙間なく
の実態が,の身元が,の身分が,の住所・氏名が,の素性が,の身上が,の正体が
に見てとれる。,に表に出る,に表れる,に表面化する,に明白になる。,に反映される,に見える,に具現化する,に示される
の仕事を,の役務を,の役割を,の職務を,の役目を,の任務を,の業務を
に決壊が,に崩れが,に崩壊が,に破壊が,に崩落が
しょせん,そもそも,結局,どうせ,詰まる所は,なんだかんだ言って
はそんなに,はあまり,はさほど,はそれほど,はたいして
に打ち勝つ,に優れている,に勝る,に勝つ,に取って代わる
の基幹人員です,の上層部です,の管理職です,の幹部です,の重役です
緻密の,詳細の,細密の,詳細な,綿密の
に勝る,に取って代わる,に優れる,に勝つ,に打ち勝つ,に勝てる
を了承した,を許した,を承諾した,を容認した,を承知した
あたかも,まるで
が常務し,が常時滞在し,が駐在し,が常勤し,常に待機し,が常駐し
スローテンポの,スローな,ゆっくりした,緩やかな,なだらかな,穏やかな
は濃厚な,は重厚な,は濃い,はこってりした,は濃密な,は芳醇な,はまったりした
が審議さ,が論議さ,が討論さ,が討議さ,が議論さ
て感染,て伝染,病気になる,て染る,ウィルスに侵される
でほどよく,でこんがり,で焼き目が付くまで,でキツネ色に,できつね色に
でつかん,で持って,で挟んで,で掴んで,でつまんで,でつまみとって
に栄光の,に輝かしい,に素晴らしい,に華々しい
を視察,を観察,を見学,を調査
は控えめに,は慎ましやかに,は謙虚に,はつつましやかに
豊かな,濃厚な,パワフルな,濃密な,エネルギッシュな,厚みのある,中身の濃い
の寺の敷地には,の寺内には,の寺社内には,の敷地には,の構内には,の境内には
ほどの貧弱な,ほどの少しの,ほどの少ない,ほどのささやかな,ほどの乏しい,ほどの弱い
ほど華々しい,ほど栄光の,ほど輝かしい,ほど素晴らしい
に丁重に,に丁寧に,に折り目正しく
を見せかけて,を演じて,を偽装し,を装って,を決め込んで
は少々,は結構,はいささか,はかなり,はまあまあ,は少し
が河原に,が河原沿いに,が川原に,が川べりに,が河川敷に
の情けない,の弱弱しい,の弱々しい,の惨めな,の哀れみを誘う
て長い,て長い時間が経つ,て長くなる,てかなりの時間が経っている。,てだいぶたつ,て久しい
堅物な,厳正な,真面目な,シビアな,厳格な,厳しい
を覆って,を背けて,をつぶって,を閉じて,をふせて
に追加して,に合わせて,にコーディネートし,にあしらって
をたくさん,をびっしり,をぎっちり,をぎっしり,を隙間なく,をいくつも,を無数に
に欠かす,に外す,にやめる,に取り除く,に欠く,になくす,に除く
だけ論議した,だけ審議した,だけ議論した,だけ話し合いをした,だけ討議した,だけ討論した
苦戦から,低空飛行から,低迷から,停滞から,伸び悩みから,悪い状態から
て厄介に,てこんがらがることに,て込み入って煩わしく,て複雑に,て面倒くさく,て面倒に,てややこしく
に平らで,に平坦で
の管理職に,の要人に,の役員に,の重役に,の上層部に,の幹部に
一般市民だけが,民衆だけが,大衆だけが,民だけが,国民だけが,人々だけが
はしばしば,は頻繁に,は何度も,は時々,は結構,は度々
地道な,着実な,真面目な,堅実な,地味な,華やかでない
は物凄い,はものすごい,はすばらしい。,はすごい,は素晴らしい,はすさまじい,ものすごい。
だから盛大な,だから豪勢な,だから立派な,だから豪華な,だから大規模な
は丁重に,は丁寧に
が綿密に,が緻密に,が事細かに,が細かに,が丁寧に,が細やかに,が丹念に
では注意を,では警戒を,では監視を,では警固を,では警備を,では警戒心を
もコツコツと,も着実な,も真面目な,も一歩一歩堅実な,も粘り強い,も実直な,も地道な,も堅実な
がさがさも,悪化した状態も,カサカサも,荒れも,肌荒れも,かさかさも
の心のうちは,の精神は,の心持ちは,の胸中は,の心中は,の気持ちは,の心の中は,の心情は
運転して,操作して,動かして,制御して,操縦して,コントロールして,操縦桿を握って
際立った,明らかな特徴の,ひときわ目立つ,顕著な,明瞭な,典型的な,目立った
も衰えて,も衰退して,もおかしくなって,も壊れて,も病んで,も侵されて,も弱くなって,も後退して,も悪い状態になって,も弱体化して
がむなしく,が空虚に,が空疎に,がからっぽに,が虚ろに
清いな,きれいな,美辞麗句な,聞こえのいい,清らかな,綺麗な,清く正しそう,清廉とした
に崩れやすい,に繊細な,に弱い,に割れやすい,に脆弱だ,に壊れやすい,に脆弱な,にもろい,にすぐ崩れる
ギリギリ,どうにかこうにか,やっとのことで,どうにか,辛うじて,やっとこさ,何とかして,なんとかして,何とか,ようやく
責務を,任務を,職分を,職務を,役割を,業務を,仕事を,役務を,役目を
へのつつましやかな,への小さな,へのささやかな,へのわずかな,への控えめな
パターンも,バリエーションも,種類も
現在は,現在では,今日では,今では,今となっては,今や,もはや
も聞きに,も傍聴に,も裁判を聞きに,も裁判を聴きに
を示して,を表して,を表現して,を体現して,が現れて
を議論して,を話し合って,を審議して,を言い合って,を討議して,を話し合いして,を討論して,を論議して
はっきりと示さ,をはっきり示さ,を明記さ,はっきりと書か,を明確にさ,を明示さ,明確に表さ,を明白にさ,を明らかにさ
を秘めて,を隠し持って,が秘められ,を持って,を隠して,を含んだ状態を保って,を潜めて
も度々,もチョイチョイ,もよく,も結構,も頻繁に,も何度も,もしばしば,もたまに,もまま
順次,順を追って,順々に,順に,順番に
の判別は,の判断は,の見極めは,の判定は
は丁重に,は丁寧に,は手厚く
地道な,粘り強い,着実な,真面目な,たゆまぬ,地に足の着いた,堅実な,コツコツと
は笑って,はほほえみを顔に表して,はにこにこして,は微笑んで,はにっこりして,は笑みを浮かべて,はニコっと
の応援に,の後押しに,の励ましに,の激励に
の引っ掛かりの無い,のスムースな,のスムーズな,の滑らかな,のすべりの良い
目と耳の間のあたりが,頭が,こめかみが,目尻の辺りが
が早く来てほし,が待ちきれな,が待ち遠し,が待ちきれなさ
いかにも,まさしく,まさに
の生産が,の農業が,の育成が,の生育が,の栽培が
をたどる,をなぞる,をさかのぼる,を振り返る,を巡る,を順に見る,を見る
僅かばかり,結構,かなり,少しばかり,少し,いささか,少々
育成は,育て方は,栽培は,作り方は
も上質な,も品質が良い状態の,も品質のよい,も質の良い,も高い品質な,も高品質な,も上等な,も質の高い,も良質な
でほどよく,できつね色になるまで,でこんがり,で焼き目が付くまで,で焼き色が付くまで
の浮き彫りになっている,の濃密になっている,の濃厚になっている,の顕著になっている,の顕著にみられる状態になっている,の色濃くなっている,で強く出ている
華麗に,華やかに,華々しく,はでに,輝かしく
のパターンが,のバリエーションが,の種類が
が難点,が欠点,が弱点,が問題,がだめなところ,が短所,が問題点,がウィークポイント,が困ったところ
信心する,信じる,信仰する
すべって,滑らかに動いて,スリップして
スケールの大きな,壮大な,大きな,広大な,雄大な,壮観な
の閲読は,の確認は,を見ることは,の閲覧は
キャッチフレーズの,標語の,キャッチコピーの,宣伝文句の
に関する資料や,に関する書物や,に関する文献や,に関する文書や,に関する文物や,に関する文章や
が重要ですよ,が大切ですよ,が肝要ですよ,が不可欠ですよ,が肝ですよ,が大事ですよ,が肝心ですよ
賢く正しい,適切な,聡明な,かしこい,賢い,賢明な,正しい
疑わしくも,疑いの余地があるよう,不審に,怪しくも,信じられないよう,疑問があるように,怪しも,いぶかしも
による励ましもございました,による応援もございました,による激励もございました
が荒れる,が荒々しい,が荒っぽい,がささくれる,が荒む
は乏しきかな,は貧しきかな,は弱弱しいかな,はひっそりしている,は少なきかな
出現する,示される,顕著な,表れる,表面化する,出てくる,顕在化する,具現化する
にやっと,にどうにか,になんとか,に何とか,にやっとこさ,に辛うじて,にギリギリで,にやっとのことで
は少し高い,は少し盛り上がった,はやや隆起した,は小高い
気持ちが良い,気持ちいい,気持ちのいい,気持ちの良い,快適な,心地よい
の裁定を,の判定を,の判断を,の審判を,のジャッジを
ある,満ちる,匂わす,あふれる,漂う,が感じられる,溢れる
ずに躊躇して,ずにためらって,ずに迷って,ずに渋って,ずにぐじぐじして,ずに尻込みして,ずに逡巡して,ずにしり込みして
でにこっとする,で微笑む,でにこにこする,で笑う,で微笑を表出する,でにっこりする
体調の悪さ,病に倒れて,病気になって,病気で,病んで
見方では,見解では,考えでは,解釈では,捉え方では,理解では
も丁重な,も丁寧な,丁寧に対応するような
どうにも,どうしても,なんだか
が待ち望んだ,が待ち焦がれた,が待ちきれなかった,が待ち焦がれていた,が待ち遠しかった
をすぐに流して,腺が弱くて,もろくて,が流れやすくて
ぼうぼうの,すさまじき
を頑として,を確固として,を断固として,を毅然として,をなんとしても頑として
何とかして,なんとか,辛うじて,何とか,辛くも
の懐妊して,の妊娠して,の子供を宿して
はもはや,は今や,はいまや,はもう
は困惑した,は当惑した,は戸惑った
譲歩した,落ちどころを探って納得した,妥協した
にいっぱいに,にずらりと,にずらずらと,にぎっしりと,にびっしりと,に勢ぞろいで,にたくさん,にずらっと,に一堂に,に所狭しと
が何とも,がどうしようもなく,がどうにも,がどうしても
考慮して除外することなどの,免除などの,義務を果たさなくてよいよう許可を出すことなどの,免責などの
の激励の,の元気づける,の励ましの,の応援の
いかにも,どうにも,どうしても
が恋しく,が早く来てほしく,が待ちきれなく,が楽しみに,が待ち遠しく
どうぞ,何とぞ,何とか,どうか,ぜひとも
な書物や,な資料や,な文献や,な文書や,な文物や,な書籍や
外車から,高級車から,大型高級車から,リムジンから
随分,長い事,長い間,久しく,長らく,しばらく,長く
警戒を,用心を,警戒心を,注意を
脆弱で,弱く,はかなく,もろく,壊れやすく
笑いを,微笑を,微笑みを,ほほえみを,笑みを
強烈に,強く,強いインパクトを持って,痛烈に,激しく,鮮烈に
はコミュニケーションを,はコンタクトを,は接触を,は触れ合いを,はふれあいを,は肌の触れ合いを,はスキンシップを
引き鉄を,引き金を
に論議した,に話し合いをした,に討議した,に話あった,に議論した,に審議した
の猛暑の,の厳しい暑さの,の激しい暑さの,のうだるような暑さの,の猛烈な暑さの,の酷暑の
に異動の,に移籍の,に移動の
平らである,平坦である
の貸付を,の投資を,の資金の融通を,の融資を,の資金提供を
ふつうな,一般的な,ありきたりな,まともな,真面目な,真っ当な,まっとうな,常識的な,普通な
を演じて,を装って,を真似て
気持ちは,心のうちは,心持ちは,気分は,内心は,心の中は,胸中は,心情は,心中は
にもマッチして,にも合致して,にも一致して,にも合って,にもぴったり一致して
は何しろ,は何せ,はなんにせよ,はなんといっても,は何はともあれ
と連携する,と連動する,と提携する,と協力する,と連帯する
に勝る,に有利な,に上回る,に優れる,に勝つ,に引けを取らない
などを処方さ,などを調剤さ,などを出されて服用を指示さ,などを出さ,などをほどこさ
により分配さ,により配当さ,により分けら,により配分さ,により割り当てら
のパターンが,のバリエーションが,の種類が
ははらむする,は子供を授かる,は懐妊する,は妊娠する
でダッシュする,で疾走する,で疾駆する,で突進する,でひた走る
あいにくの,残念な,折悪しく,残念ながら
宿命の,逃れられない運命の,運命の
穏やかに,なだらかに,緩やかに,ゆっくりと
ほどの生き生きとした,ほどの華々しい,ほどのきらきらとした,ほどの輝かしい,ほどの素晴らしい
ユーモラスな,面白味のあるような,楽しい,面白い,滑稽な,愉快な
物質に,物体に,物に,ものに
は崩れて,は壊れて,はぐちゃぐちゃになって,は乱れて,は不安定になって,は荒れて
手早く,すぐに,迅速に,できるだけ早く,素早く
も亡くなりし,も死去し,も他界し,も逝去し
が待ち焦がれて,が楽しみで,が待ち遠しくて,が待ちきれなくて,が待ちきれず
疾走して,勢いよく走行して,疾駆して,走って
と香ばしく,と焼ける香りが良く,と芳しく
と香ばしく,と美味しそうに,と香りよく,とこんがり,といいにおいで,とおいしそうに,と芳ばしく,とこんがりと
の返金が,を返すのが,の支払いが,の借金の支払いが,の返還が,の返済が,を金を返すことが
影響が,反感が,摩擦が,反発が
ツルツルって,滑らかって,ツルツルしているって,つるつるって
にすぐに,にさっと,に素早く,に早く,にあっという間に,にスムーズに,に速やかに,にサッと
をバラバラにするのに,の破滅に,の壊滅に,の崩壊に,の破壊に,を壊すことに,の離散に
は全て,は総じて,は全体的に,はだいたい,はみんな,は一般に,はほぼ全て,は概して,は概ね,は全部
は乱れて来る,はだらけて来る,は雑になってくる,は荒れて来る,は崩れて来る,はふざけて来る,は乱暴になってくる
で頭のいい,で正しい,で頭の良い,で賢い,でより良い,で賢明な,で適切な
も恐ろしくすると,も厳しくすると,もいかつくすると,も厳つくすると,も怖くすると,も険しくすると,も強ばらせると
控えめでもある,控え目でもある,謙虚でもある,低姿勢でもある
て懐かしの,てしばらくの,て懐かしい,て時間が経った,て長い間会っていない,てしばらくたった,て久しい,て時間のたった,て久しぶりの
を除く,を外す,を無視する,を無しに考える,を欠かす,をなくす,を軽視する,を無くす,をないがしろにする
で素早くはしる,で素早く走る,で疾走する,で速く走る,で走る,でダッシュする
取らされた,捕まえた,採られた,入手された,採取された,採集された,取って調査された,捕まえられた,捕らえられた,捕まった,収集された
に決まりつつ,に落ち着きつつ,にはまりつつ,になりつつ,に固まりつつ,に落ちつきつつ
培植も,育成も,育てるのも,栽植も,育てることも,栽培も
の栽植が,の生産が,の栽培が,の培植が,を育てるのが,の育成が
勿論,絶対に,確実に,無論,当然,もちろん,言うまでもなく
心の中では,心の中で,心底,心中,内心
が運命,が義務,が宿命
伝染をされている,感染をされている
を気遣いに,を慰めに,を応援しに,を元気付けに,を励ましに,を勇気づけに
長い車に,車が,自動車が,リムジンが,高級車に
は狭くに,は厳格に,は窮屈に,は視野を狭くに,はシリアスに,は厳しくに,は堅苦しくに
理解に,考えに,読み方に,解釈に,人の考えに
はいけば,は合えば,は当たれば,ははまれば,は決まれば,は一致すれば,は作用すれば
謳い文句を,標語を,宣伝文句を,気を引く言葉を,キャッチフレーズを,うたい文句を
を用いながら,を参考にしながら,を使用しながら,を参照しながら,を引用しながら,を引き合いに出しながら,を利用しながら,を使いながら
を素直に,を真摯に,を謹んで,をおとなしく,を謙虚に,を控えめに
が幾度も,が何度も,が度々も,が何回も,がたくさん,が繰り返しも
の裁定は,の決断は,の決定は,の考えは,の判断は,の判定は
として十分成長している,としていい感じになっている,として成長している,として熟している,として成熟している
物は,ものは,物体は
何かと,色々と,色々な点で
広くされた,広がった,大きくなった,拡張された,規模をおおきくされた,大きくされた,拡大された,広くなった,広げられた
が居心地がわるい,が苦しい,が居心地が悪い,が良くない,が気まずい,が嫌な,が気分の悪い,が気不味い,が落ち着かない
はニンマリ,はにこっと,はニコニコ,は嬉しそうに,はうれしそうに,はにっこり
に乗せられてはいけないと,にとらわれてはいけないと,に影響されてはいけないと,に流されてはいけないと,に嵌ってはいけないと,にはまってはいけないと,に巻き込まれてはいけないと,に引きづられてはいけないと
はもはや,はすでに,はもう,は既に
出資は,融資は,投資は,貸し出すのは,資金を貸すのは,お金を貸すことは,貸すのは,金の貸し出しは
は内緒で,はひっそり,は人知れず,は秘密裏に,は心の中で,は密かに,はこっそりに,はひそかに,は内心に,は静かに
に控えめに,に謙虚に,に素直に,に真摯に
に発達していた,に育っていた,に成熟していた,に成長していた,に熟していた
清らかな,純粋な,すてきな,清い,清楚な,綺麗な,きれいな,心が綺麗な,美しい,汚れの無い
混迷している,困惑している,おどおどしている,当惑している,迷っている,困っている,混乱している,戸惑っている
も見学をして,も査察をして,も監査をして,も視察をして,も実地を見ることをして,も確認をして,も目で見て確認して,も訪問をして
して諦めた,して辞めた,してやめた,して退いた,して撤退した,して退却した
を宿す,を秘める,を持つ,を持っている,がある,を隠している
まで是非とも,までなんとか,までどうか,まで何とぞ,までどうぞ,まで何が何でも,まで是非
はぼさぼさ,は崩れ,はぐしゃぐしゃ,は乱れ,は荒れ,は整っておらず,はボサボサで,は散らかり,はぐしゃぐしゃで
と連絡を取り合いながら,と協力しながら,と連携しながら,と力を合わせながら
を了解した,を同意した,を認めた,を了承した,を引き受けた,を承認した,を受け入れた,を承知した,を承諾した
が気乗りがしなく,が面倒に,がおっくうに,がいやに,が面倒くさく,が億劫に
になめらかに,に滑らかに,にすーっと,に円滑に,にスムーズに
が疑わし,が不審,があやし,が怪し
も荒廃してきています,も廃れてきています,も荒んできています,も乱れてきています,も荒れてきています
いいと,良く,嬉しく,快く,よく
生憎,残念ですが,残念ながら,あいにく,運悪く
がズレていく,が変わっていく,が違っていく,が乱れていく,が外れていく
物の,ものの,物体の
孕ませた,妊娠させた,みごもらせた,子供をつくった,身ごもらせた,新たな命を宿させた,懐妊させた
と勝負し,にチャレンジし,に挑み,に挑戦し,に臨み,にと戦い
の傍聴,の公聴,を聞く,の聴講,の清聴,をそばで聴く
が処方した,が調合した,が出した,が与えた
気持ちの良い,さわやかな,快適な,気持ち良い,快い,気分のよい,気持ちのよい,心地よい,気持ちいい
大変,きつい,キツい,苦しい,しんどい,辛い,つらい
是非,どうか,是非とも,なんとか,どうぞ,何とぞ,何が何でも,どうにか
微々たる,貧弱な,十分でない,ない,少ない,乏しい,無い,貧しい
と心待ちにしている,と待ち遠しい,と待てない,と辛抱できない,と待ちきれない,と我慢できない
の境内に,の敷地内に,の中に
の豪快か,の大きいか,の盛り上がったか,の大規模か,の盛大か,の豪華か,の規模が大きいか
な勤めの,な職業の,な職務の,な業種の,な任務に就いている,な仕事の,な役回りの,な任務の,な役割の,な役目の
には除外をされてしまいます,には免除をされてしまいます,には払わなくて良いとされてしまいます,には控除をされてしまいます
が丁重に,が低くに,が丁寧に,が礼儀正しく
に胡散臭いと,に疑惑があると,に疑いがもたれると,に疑わしいと,に怪しいと,に不審だと
が終了した,が無くなった,が消滅した,が消えた
ば溶ける,ば無くなる,ばおわる,ばなくなる,ば消える,ば絶える
がこっそりと,がひっそりと,が静かに,が内心に,が秘密裏に,が人知れず,が密かに,がひそかに,が実は
イライラしてそうに,腹立たしそうに,怒ったように,怒りに満ちてそうに,怒ってそうに,怒っていそうに
少し寒くて,肌寒くて,寒くて,ちょっとだけ寒くて
基準を,基調を,元の状態を,傾向を,基本を
は一続きの,は一連の,はひとつながりの
ディフェンスは,デフェンスは,守りは,防衛は,守備は,防御は
たユーモラスな,たおかしな,た面白い,たユーモアのある,た可笑しい,た滑稽な
ちょっと高い,少し高い,高い,小高い
は混乱して,は困って,は戸惑って,は混迷して,は当惑して,は迷って,は困惑して
絶対に,強く,確実に,絶対,断然,固く,頑として,きっぱり,断固,しっかり
は車の,は高級車の,はリムジンの,は長い車の,は自動車の
れた高い,れた少し高い,れた周りよりも高い,れた小高い
の正体が,の情報が,の身元が,の出身が,の素性が,の経歴が,のうまれが,の生い立ちが
かなんかで審判の判断で,かなんかで判定で
ややこしい,難しい,複雑な,面倒くさい
の議事を,の会議を,の議会を,の協議を,の議論を
不運にも,残念ながら,運悪く,生憎,残念だが,あいにく
と妥協する,と折り合いをつける,と歩み寄る,に譲歩する,とどちらかが譲る
から随時,から順に,から一つずつ,から次々,から順番に,から順次
雄大な,壮大な,広いな,広大な,大きいな,壮観な,巨大な
で紙一重で,でギリギリ,で何とか,でやっとのこと,でぎりぎり,で辛うじて,でなんとか
までお腹に子供がいる,までお腹の中に子供がいる,まで懐妊している,まで妊娠している,まで身篭っている
の胸の内は,の気持ちは,の真意は,の思いは,の心の中は,の考えは,の本心は,の心中は,の内心は
により分配される,により配分される,により分け与えられる,により分担される,により割当される,により分けられる,により配られる
主として,ほとんど,専ら,主に
に分配されます,に配られます,に分け与えます,に分けられます,に分けられる,に配分されます,にくばられます
のまとめた呼び方,の呼称,の大まかな名前,のひっくるめた名前,の総称
美味しそうな,いい,ほどよく焦げた,香りの良い,香ばしい,うまく焦げた,芳ばしい
監視をしている,みはりをしている,見張っている,見張りをしている
美味しい,香りの良い,香ばしい,いい匂いのする,香りのいい,芳ばしい
面倒くさい,複雑な,細かい,面倒な,ややこしい,難しい
はくずれていたけれど,は整っていなかったけれど,はぐしゃぐしゃでいたけれど,は乱れていたけれど,は荒れていたけれど,は崩れていたけれど,は乱雑になっていたけれど
で簡単に,でもろくも,で脆くも,であっさり,であっさりと
はだいたい,はほとんど,は専ら,は主に,は常に,はほぼ,は主として
をに見せかける,を偽る,の真似をする,を真似る,のふりをする,を装う,の振りをする,をに成りすます
熟すするならばと,発達するならばと,成長するならばと,成熟するならばと,円熟するならばと
大事な,最も大事な,肝心の,重要な,問題の,大切な
市民が,一般の人々が,人々が,一般人が,民が,大衆が,群衆が,民衆が,人が,一般市民が
の論文が,の書物が,の本が,の文書が,の記録が,の書籍が,の読み物が,の資料が,の文献が
は懐妊する,は妊娠する,は子供ができる,は身籠る
の良くならない状況という,の不調という,の低迷という,の落ち込みという,の伸び悩みという,の停滞という
の呼称,の名前,の呼び名,のまとめた呼び方,の総称,のひっくるめた名前
不正の無い,厳重な,正当な,厳しい,厳しめな,手加減のない,シビアな,厳密な,厳格な,厳正な
に入っては,にとらわれては,に騙されては,に陥っては,にはめられては,に翻弄されては,に飲み込まれては,にはまっては
みじめであった,惨めだった,根性なしだった,ヘタレだった,意気地なしだった,かっこわるかった,情けなかったた,いくじなかった,見るに耐えなかった
を分けて,を分配して,を配分して,を配って,を与えて,を配布して
にも合う,にも美しい,にも際立つ,にも映える,にも鮮やかに見える,にも栄える,にも美しく見える,にも調和する,にも引き立つ,にもよく合う
は激しかった,は凄まじかった,は早かった,は勢いがあった,はすごかった,は驚異的だった,は物凄かった,はすさまじかった
の文献だ,の文書だ,の資料だ,の読み物だ,の記録だ,の書物だ
議事の,協議の,会議の,議論の,議会の
すべてで,全てで,丸々で,全部で,丸ごとで
とお願いする,と頼む,と強くお願いする,と切願する,と哀願する,と嘆願する,と依頼する,と懇願する
いかにも,まさに,正に,これぞ,これこそ
物は,ものは,物体は
が壊れでもする,が崩れでもする,が崩壊でもする,が壊滅でもする
に割当しよう,に分割しよう,に分配しよう,に配布しよう,に配分しよう,に分けしよう
情けない,惨めな,不甲斐ない,残念な,くやしい
は総じて,は全体的に,は多くが,はだいたい,はほとんど,はみんな,は一般的に,は大抵,は全般的に,は概して
答弁の,受け答えの,言い答えの
に移籍か,に異動か,に所属変更か,に移るのか
た流れの,たひとつながりの,た一連の,た一続きの
説明,明示
も壊れるの,もダメになるの,も壊滅の,も倒壊の,も崩れるの,も崩落の,も崩壊の,も終わりの
だけ大々的な,だけ豪快な,だけ大きな,だけ大掛かりな,だけ盛大な,だけ大規模な,だけ華やかな,だけ豪華な,だけ派手な
完全に,頑なに,本当に,絶対に,強く,必ず,絶対,固く,断固,しっかり
と名前を言う,と自分のことを言う,と名乗る,と自称する
に持っている,に内在している,に秘めている,に実は持っている,に宿している,に隠している
感動的,ドラマチックな,劇的な,驚きの,ドラマティックな
において顕著である,において明瞭である,において明らかである,において歴然である,において明確である,において明白である
すべもなく,手段もなく,手法もなく,方法もなく
を処方してくれる,を出してくれる,を調合してくれる
をダッシュする,を走る,を速く走る,を爆走する,を駆け抜ける,を疾走する
を詳細に,を周到に,を入念に,を緻密に,を細かに,を徹底的に,を丹念に,を念入りに,を詳しく,を綿密に,を細かく,を細密に,を精密に,を事細かに
がにじみ出る,が見える,が浮かび上がる,が出てくる,が映る,が表れる,が出る
弱点が,弱みが,短所が,難点が,悪点が,難しい点が,鬼門が,良くないところが,難しいところが,欠点が
には物は,には物体は,にはものは
も芳ばしくて,もいいにおいがして,も香ばしくて,も香りが良くて,もいい香りがして,も香り高くて
の要点は,の考え方は,の基本の考えは,の基本的な考えは,の考えは,の基本は,の基調は
の低迷は,の伸び悩みは,の減少は,の縮小は
平な,平坦な,平らな,フラットな,平たい
を増強し,を拡大し,を拡張し,を充実し,を拡充し
目を閉じて,を閉じて,を瞑って,をつぶって,をつむって
ずに挑んでいる,ずに戦っている,ずにチャレンジしている,ずに勝負している,ずに挑戦している
を拡大しております,を発展しております,を広げしております,を拡張しております,を拡充しております,を充実しております
豪華な,大きな,華やかな,大掛かりな,盛大な,豪快な,大規模な,派手な,大々的な,大仕掛けの
虚しいが,大したものでないが,寂しいが,侘しいが,さびしいが,満たされないが,むなしいが,細々としていたが
が補完した,がつけた,が追加解説した,が付け足した,が付け加えした,が補足した
善戦,良い成果,活躍,良くやった,健闘,奮闘,頑張った,いい戦い
のまとめた呼び方,の総称,の呼称,のひっくるめた名前,の呼び名
の心中を,の考えを,の真意を,の心を,の内心を,の心の中を,の胸の内を,の本心を,の気持ちを,の思いを
は解釈を,は意見を,は受け取り方を,は意味の取り方を,は理解を,は考え方を,は意味を,は読み方を,は考えを
や河道,や川沿い,や河川敷,や川原,は川の周り,や川の敷地,や河原
じゃまで,うざくて,うるさくて,イライラして,邪魔で,うっとうしくて,うざったくて
がしめる,が占有する,が占拠する,がもつ,が占める
厳しく,怖く,険しく,真剣に,荒々しく
で弱めておけば,で緩めておけば,で緩くしておけば
が浸透を,が一般化を,が定着を,が普及を
を瞑る,を一瞬閉じる,を閉じる,をつぶる
の川沿い,の河川敷,の川原,の河原,の河道,近くの敷地
厳しいかなあという,辛いかなあという,苦しいかなあという,難しいかなあという,キツいかなあという,大変かなあという,きついかなあという,しんどいかなあという
荒い,乱暴な,荒っぽい,危険な,雑な,危ない,荒々しい
は華やかだが,は豪華だが,は盛大だが,はすばらしいが,は華々しいが,は立派だが,は輝かしいが
清らかな,純粋な,ピュアな,清いな,落ち着いた,高潔な,純情な,綺麗な,きれいな,清潔な
何しろ,なんせ,とにかく,なんにせよ,何にしろ,兎に角
を常駐させていた,を常に準備させていた,を駐屯させていた,をいつも居させていた,が常に居た,を駐在させていた
所詮,どうせ,しょせん,結局は
少し寒く,肌寒く,寒く
が常駐しています,が常に滞在しています,が駐在しています,が常に駐在しています,が滞在しています
役員の,上層部の,上司の,偉い人の,幹部の
ては平に,ては平坦に,ては滑らかに,てはフラットに,ては平らに,ては平たく
実際に,今,本当に,今も,現に,実際,現実に,現在,すでに
に記された,に記述された,に記入された,に記載された,に表記された,に書かれた,に表示された
に欠けるが,に欠くが,に乏しいが,が少ないが,に劣るが,が不十分だが,がいまいちだが,に劣っているが
幾度も,何回も,何度も,重ねて
に素早く,に迅速に,に手早く,に手際よく,に機敏に,に早く
の普及の,の定着の,の習慣付けの,の浸透の
てもどうせ,てもしょせん,ても結局,ても所詮,てもどだい
の生育を,の育成を,の生産を,の栽培を
な間抜けな,な浅はかな,な頭の悪い,な馬鹿馬鹿しい,な阿呆な,な愚かな,な馬鹿な
もう,もはや,今や,すでに,よもや
酷暑と,ひどい暑さと,厳しい暑さと,すごく暑いと,猛暑と,炎天下と
の大掛かりな,の大々的な,の豪華な,の大きな,の盛大な,の大規模な
に息を引き取った,に亡くなった,に永眠した,に死亡した,に他界した,に死んだ,に逝去した,に死去した
を隠し持っている,を秘めている,を隠している,を持っている,を抱えている,を持ち合わせている
がする,漂う,を感じる
の触れ合いに,が触れることに,の接することに,の接触に,のぶつかりに,が当たることに
を持っていると,を隠していると,を秘めていると,があると
さながら,まるで,あたかも
で視察や,で見学や,で試しに見ることや,で訪問や
は配分しない,は配布しない,は配らしない,は分与しない,は配給しない,は分配しない,は分けしない
何しろ,なにせ,なんせ,何にせよ,とにかく,なぜなら,兎に角
て移籍も,て異動も,て所属変更も
豪華な,すばらしい,優秀な,見事な,輝かしい,華々しい,名誉ある,立派な,素晴らしい,すごく良い,すごい
どうせ,所詮,結局,しょせん
と協力し,と連絡し合って,と一緒に行動し,と手を合わせて,と連携し
主として,ほとんど,専ら,ほぼ,主に
に煙たく,に雰囲気が悪く,にやりずらく,に気分悪く,に気分が悪く,に嫌な気持ちに,に気まずく,に居心地悪く,に嫌いに
た衣装を,た服装を,たコスチュームを,た衣服を,た服を
で利口だったと,で頭が良かっただったと,で合理的だったと,で頭脳明晰だったと,で賢かったと,で賢明だったと
が発生する,が出現する,が生じる,が出てくる,が見られる,が表れる,が露わになる,が出る
が機敏に,が速く,がすぐに,が素早く,が早く
華奢な,小さな,小さい,とても小さい,弱々しい,か細い,弱い
ぐしゃぐしゃになっ,崩れて,乱れて,跳ねて,荒れて
の要点,の大まかな内容,の概要,の要旨,のだいたいの内容,の主な内容,の主要,の概論,の内容,の概観,の大筋,のおおすじ
に合う,に目立つ,に映える,に似合う,にきれいに見える,に鮮やかに見える,に鮮やかに写る
慌ただしく,大きな声で,甲高く,騒がしく,うるさく,騒々しく,激しく,けたたましく,やかましく
は暑い日だった,は炎天下続きだった,はとても暑い日だった,は酷暑続きだった,は猛暑続きだった,は厳しい暑さだった
が盛大に,が大掛かりに,が大々的に,が大規模に,が賑やかに,が華々しく,が豪快に,が大きく,が豪華に
を丹念に,を入念に,を隅から隅まで,を丁寧に,を念入りに
を念入りに,を丹念に,を事細かに,をじっくりと,を丁寧に,を入念に,を注意深く,隅から隅まで
が欠点だ,が難点だ,が厳しい点だ,が残念な点だ,が短所だ,が弱点だ,が難しい点だ,が弱みだ
がマッチする,が合体する,が一致する,が合わさる,が合致する,が調和する,が合うする
は荒れるけど,は乱れるけど,は激しくなるけど,はしけるけど,は波立つけど
背負うと,肩に乗せて運ぶと,担ぐと
をはじめとして,を端緒として,を先頭に,を始めに,を最初に,を始まりに,を筆頭に,を手始めに,を皮切りに
自分の,己の,その人の,自己の,自らの,自身の,自分自身の
をすべて,を丸ごと,を完全に,を全て,を全部
を獲得して,を採集して,を採取して,を採って,を取って,を収集して
を詳細に,を心を込めて,を丹念に,を詳しく,をしっかりと,を丁寧に,を入念に,を事細かに
どう見ても,見るからに,いかにも,まさに,正しく,正に
位置で,構えで,体勢で,姿勢で
何しろ,なにせ,どうやら,なんせ,とにかく,何にしろ,兎に角
を除く,を取り除く,を除去する,を抹消する,を削除する,を排除する,を除外する
に返金を,に返済を,に金を返すことを,に返すことを,に払い戻しを,に返還を
が隙間なく,がすみずみまで,が端から端まで,がぎゅうぎゅうに,がびっしり,がいっぱいに,がぎっしり
良い,すばらしい,素敵な,よい,見事な,すてきな,華々しい,輝かしい,立派な,素晴らしい,煌びやかな
ローンは,出資は,融資は,貸金は,投資は,金の貸し出しは,貸与は
が願いだ,が希望される,が好ましい,が願わしい,が望ましい
を心に持って,を隠して,を抱えて,を持って,を隠し持って,を秘めて
は今となっては,はもはや,はすでに,はいまや,はもう
ものめり込むと,も夢中になる,も打ち込むと,もはまると,も嵌ると
指先でとるという,つまむという,摘むという,指先で掴むという,挟んで持つという
は注意も,は警備も,は警戒も,は用心も
などの難しい点が,などの弱点が,などの難点が,などの短所が,などの欠点が,などの悪い点が,などの厳しい点が
のまとめた呼び方,の総称,の呼称,のひっくるめた名前,の呼び名
実際に,現に,今も,現在も
に表示されておる,に記されておる,に記載されておる,に記述されておる,に記入されておる,に書かれておる
は苦労なく,は簡単に,はひとたまりもなく,は容易に,はあっけなく,はあっという間に,はたやすく
への鼓舞が,への激励が,への応援が,への声援が,への励ましが
華奢な,小さな,細い,小さい,か細い,弱々しい,細々とした,弱い,か弱い
力不足で,惨めで,頼りなく,不甲斐なく,情けなく,無様で,みっともなく
騒がしくなっている,しけている,乱れている,波だっている,荒れている
車が,自動車が,リムジンが,長い車が,高級車が
の返済が,の返還が,の返金が,の金を返すことが,の払い戻しが
に合い,にあって,に引きたって,に似合い,に引き立って,に鮮やかに見えて,に鮮やかに映って,に映えて
にじみ出ている,示されている,見えている,表現されている,出ている,表れている
ずに挑んでほしい,ずに挑戦してほしい,ずに戦ってほしい,ずにチャレンジしてほしい,ずに勝負してほしい
にかけ大々的に,にかけ盛大に,にかけ大規模に,にかけ派手に,にかけ豪快に,にかけ華々しくに,にかけ豪華に
が情けなかった,が惨めだった,が不甲斐なかった,目も当てられなかった,が頼りなかった
が減少をして,が低迷をして,が下降をして,が伸び悩みをして
完成した,育ちきった,熟した,発達した,発展した,達観した,成熟した,成長した
だったら退かしなければならないので,だったら撤退しなければならないので,だったら辞めしなければならないので,だったら退去しなければならないので,だったら退かなければならないので,だったら退散しなければならないので
は姿勢を,は体の状態を,は状況を,は体勢を,は現状を,は構えを
問題になってな,ともめてな,いざこざがあってな,と喧嘩してな,とトラブってな,と口論になってな,と争ってな
に明らかでありました,に著しいことでありました,に顕著でありました
は引き金を,はトリガーを
と頼みこんでも,とお願いをしても,と哀願しても,と依頼しても,と頼んでも,と懇願しても,とお願いしても
が待ち遠しい,が我慢できない,が待てない,が早くしてほしい,が早く来てほしい,が待ちきれない,が楽しみな,が辛抱できない
小さい,小さな,キツい,窮屈な,合わない
は大変ですわ,はきついですわ,は疲れますわ,はつらいですわ,は苦しいですわ,は難しいですわ,は辛いですわ,は厳しいですわ,はしんどいですわ,はキツいですわ
はなくなる,は止まる,は絶える,は途絶える,は途切れる,は尽きる,は消える,は無くなる,は止む
を添え,をいっしょにして,と共に,と一緒に,をつけ,を添えて,を一緒に
つけたさせていただきます,補わさせていただきます,付け足させていただきます,補足させていただきます,追加説明させていただきます,補助させていただきます,補完させていただきます,付け加えさせていただきます
拡大した,拡張した
不甲斐ないっていうか,みじめっていうか,情けないっていうか,哀れっていうか,惨めっていうか,みっともないっていうか,惨めだていうか
に急に,にぐんと,にとても,に大きく,にかなり,に大きな,にすごく,に非常に
